סמל יישוב,שם יישוב,סמל אזור סטטיסטי,אוכלוסייה,ערך מדד,דירוג  (מ-1 עד 1624)  ,  אשכול (מ-1 עד 10)  ,NAME OF LOCALITY
31,אופקים,1,"4,580",-0.569,340,3,OFAQIM
31,אופקים,2,"2,776",-0.529,356,3,OFAQIM
31,אופקים,3,"3,028",-0.900,242,2,OFAQIM
31,אופקים,4,"3,046",-0.676,301,3,OFAQIM
31,אופקים,6,"6,470",-1.606,93,2,OFAQIM
31,אופקים,7,"5,715",0.114,695,5,OFAQIM
2400,אור יהודה,1,"5,136",0.331,845,6,OR YEHUDA
2400,אור יהודה,2,"2,477",-0.098,555,5,OR YEHUDA
2400,אור יהודה,3,"2,450",-0.187,508,5,OR YEHUDA
2400,אור יהודה,4,"3,216",-0.278,467,4,OR YEHUDA
2400,אור יהודה,5,"2,054",-0.725,285,3,OR YEHUDA
2400,אור יהודה,7,"3,374",-0.450,395,3,OR YEHUDA
2400,אור יהודה,8,"1,843",-0.624,321,3,OR YEHUDA
2400,אור יהודה,9,"7,301",0.805,1110,7,OR YEHUDA
2400,אור יהודה,10,"3,403",1.004,1213,8,OR YEHUDA
2400,אור יהודה,11,210,-0.684,299,3,OR YEHUDA
2400,אור יהודה,12,"4,115",0.081,678,5,OR YEHUDA
2400,אור יהודה,13,485,0.366,869,6,OR YEHUDA
1020,אור עקיבא,1,"3,749",0.439,914,6,OR AQIVA
1020,אור עקיבא,2,"3,340",-0.624,322,3,OR AQIVA
1020,אור עקיבא,3,"4,608",-0.368,423,4,OR AQIVA
1020,אור עקיבא,4,"2,227",0.496,948,6,OR AQIVA
1020,אור עקיבא,5,"3,157",0.251,794,6,OR AQIVA
565,אזור,1,"4,096",0.968,1197,8,AZOR
565,אזור,2,"3,774",0.420,903,6,AZOR
565,אזור,3,"4,225",0.550,978,7,AZOR
2600,אילת,11,317,0.356,861,6,ELAT
2600,אילת,12,702,-0.027,601,5,ELAT
2600,אילת,13,490,0.214,762,6,ELAT
2600,אילת,14,"3,857",-0.130,545,5,ELAT
2600,אילת,15,"3,610",-0.111,550,5,ELAT
2600,אילת,16,341,0.450,922,6,ELAT
2600,אילת,21,"4,009",-0.241,486,4,ELAT
2600,אילת,22,"2,929",-0.135,540,5,ELAT
2600,אילת,23,"5,936",0.070,666,5,ELAT
2600,אילת,24,"3,827",0.806,1111,7,ELAT
2600,אילת,25,"2,303",-0.142,537,5,ELAT
2600,אילת,31,"3,522",0.292,816,6,ELAT
2600,אילת,32,"1,618",0.880,1160,7,ELAT
2600,אילת,33,"3,468",0.588,1000,7,ELAT
2600,אילת,34,"2,052",0.814,1112,7,ELAT
2600,אילת,35,"2,808",0.409,898,6,ELAT
2600,אילת,36,"7,919",0.634,1027,7,ELAT
1309,אלעד,1,"6,773",-1.378,143,2,EL'AD
1309,אלעד,2,"6,583",-1.296,161,2,EL'AD
1309,אלעד,3,"5,322",-1.347,150,2,EL'AD
1309,אלעד,4,"6,202",-1.639,87,1,EL'AD
1309,אלעד,5,"6,137",-1.627,90,1,EL'AD
1309,אלעד,6,"6,168",-1.387,139,2,EL'AD
1309,אלעד,7,"7,687",-1.388,138,2,EL'AD
3570,אריאל,1,"2,285",0.381,875,6,ARI'EL
3570,אריאל,2,"2,737",0.612,1016,7,ARI'EL
3570,אריאל,3,"4,499",0.675,1045,7,ARI'EL
3570,אריאל,4,"4,144",0.568,986,7,ARI'EL
3570,אריאל,5,"5,052",-0.011,610,5,ARI'EL
70,אשדוד,122,"2,757",-0.675,303,3,ASHDOD
70,אשדוד,123,"4,067",-0.472,382,3,ASHDOD
70,אשדוד,125,"2,272",-0.689,297,3,ASHDOD
70,אשדוד,126,"3,926",-0.746,278,3,ASHDOD
70,אשדוד,131,"2,170",-0.596,333,3,ASHDOD
70,אשדוד,132,"1,859",-0.895,246,2,ASHDOD
70,אשדוד,133,"4,143",-0.868,253,2,ASHDOD
70,אשדוד,141,"5,829",-1.988,38,1,ASHDOD
70,אשדוד,142,"3,232",-1.340,153,2,ASHDOD
70,אשדוד,143,"4,691",-1.268,167,2,ASHDOD
70,אשדוד,144,"6,780",-1.451,123,2,ASHDOD
70,אשדוד,211,"7,561",-1.835,56,1,ASHDOD
70,אשדוד,212,"7,607",-1.870,51,1,ASHDOD
70,אשדוד,213,"4,577",-1.862,52,1,ASHDOD
70,אשדוד,221,"2,942",-0.959,222,2,ASHDOD
70,אשדוד,222,"3,846",-0.924,233,2,ASHDOD
70,אשדוד,223,"3,529",-0.915,237,2,ASHDOD
70,אשדוד,231,"3,561",0.015,631,5,ASHDOD
70,אשדוד,232,"2,862",0.054,653,5,ASHDOD
70,אשדוד,233,"3,942",0.283,810,6,ASHDOD
70,אשדוד,234,"3,941",-0.470,383,3,ASHDOD
70,אשדוד,241,"5,633",-0.045,583,5,ASHDOD
70,אשדוד,242,"2,664",-0.390,411,4,ASHDOD
70,אשדוד,243,"2,981",0.333,847,6,ASHDOD
70,אשדוד,244,"2,244",0.516,958,7,ASHDOD
70,אשדוד,311,"2,062",0.741,1077,7,ASHDOD
70,אשדוד,312,"1,083",0.538,973,7,ASHDOD
70,אשדוד,313,468,0.776,1096,7,ASHDOD
70,אשדוד,314,"6,396",0.380,874,6,ASHDOD
70,אשדוד,315,"4,131",0.576,992,7,ASHDOD
70,אשדוד,316,"5,798",0.591,1002,7,ASHDOD
70,אשדוד,317,"4,627",0.547,976,7,ASHDOD
70,אשדוד,321,"4,297",0.031,639,5,ASHDOD
70,אשדוד,322,"4,494",-1.410,133,2,ASHDOD
70,אשדוד,323,"4,635",-0.501,369,3,ASHDOD
70,אשדוד,331,"2,874",0.270,803,6,ASHDOD
70,אשדוד,332,"1,858",0.320,833,6,ASHDOD
70,אשדוד,333,"5,177",0.104,691,5,ASHDOD
70,אשדוד,342,"4,385",0.421,904,6,ASHDOD
70,אשדוד,343,"3,126",0.432,909,6,ASHDOD
70,אשדוד,411,"4,387",0.364,868,6,ASHDOD
70,אשדוד,412,"3,579",0.491,945,6,ASHDOD
70,אשדוד,413,"2,599",0.408,897,6,ASHDOD
70,אשדוד,415,"4,967",0.911,1169,7,ASHDOD
70,אשדוד,421,"7,152",0.546,975,7,ASHDOD
70,אשדוד,422,"9,404",0.558,980,7,ASHDOD
70,אשדוד,423,"4,726",0.422,906,6,ASHDOD
70,אשדוד,424,"2,595",0.390,881,6,ASHDOD
70,אשדוד,425,"5,370",0.499,951,6,ASHDOD
70,אשדוד,426,"3,943",0.679,1047,7,ASHDOD
70,אשדוד,432,"4,737",1.010,1218,8,ASHDOD
70,אשדוד,433,"5,652",0.900,1165,7,ASHDOD
70,אשדוד,434,"5,432",0.887,1163,7,ASHDOD
7100,אשקלון,111,"8,743",0.772,1091,7,ASHQELON
7100,אשקלון,112,"7,527",0.630,1024,7,ASHQELON
7100,אשקלון,113,"7,690",0.530,968,7,ASHQELON
7100,אשקלון,114,"5,209",0.501,952,6,ASHQELON
7100,אשקלון,121,"1,591",-0.496,371,3,ASHQELON
7100,אשקלון,122,"4,673",0.625,1023,7,ASHQELON
7100,אשקלון,123,"5,368",0.638,1028,7,ASHQELON
7100,אשקלון,124,"3,888",0.362,866,6,ASHQELON
7100,אשקלון,125,"4,954",0.372,871,6,ASHQELON
7100,אשקלון,126,"4,281",0.250,792,6,ASHQELON
7100,אשקלון,127,914,-0.010,611,5,ASHQELON
7100,אשקלון,211,"4,576",0.008,628,5,ASHQELON
7100,אשקלון,212,"6,777",0.119,699,5,ASHQELON
7100,אשקלון,213,"8,451",0.049,650,5,ASHQELON
7100,אשקלון,214,"3,515",0.010,629,5,ASHQELON
7100,אשקלון,215,"3,666",0.208,758,6,ASHQELON
7100,אשקלון,221,"3,952",-0.051,578,5,ASHQELON
7100,אשקלון,222,529,-1.181,179,2,ASHQELON
7100,אשקלון,223,"1,721",-0.930,230,2,ASHQELON
7100,אשקלון,225,"4,085",-0.322,442,4,ASHQELON
7100,אשקלון,226,"4,451",-0.533,355,3,ASHQELON
7100,אשקלון,311,"3,799",-0.356,431,4,ASHQELON
7100,אשקלון,312,490,0.030,638,5,ASHQELON
7100,אשקלון,313,"3,881",-1.450,124,2,ASHQELON
7100,אשקלון,314,"4,834",-1.150,182,2,ASHQELON
7100,אשקלון,315,"1,998",-1.283,165,2,ASHQELON
7100,אשקלון,316,"3,988",-0.899,244,2,ASHQELON
7100,אשקלון,321,"5,843",-0.615,325,3,ASHQELON
7100,אשקלון,322,"3,572",-1.009,208,2,ASHQELON
7100,אשקלון,323,"5,119",-0.696,294,3,ASHQELON
9000,באר שבע,111,"2,339",-1.305,159,2,BE'ER SHEVA
9000,באר שבע,112,"2,188",-1.137,183,2,BE'ER SHEVA
9000,באר שבע,113,"1,830",-1.484,116,2,BE'ER SHEVA
9000,באר שבע,121,"3,421",-1.414,131,2,BE'ER SHEVA
9000,באר שבע,122,"1,146",-1.004,210,2,BE'ER SHEVA
9000,באר שבע,123,"1,234",-0.926,232,2,BE'ER SHEVA
9000,באר שבע,131,"2,975",-0.880,248,2,BE'ER SHEVA
9000,באר שבע,132,"2,808",-1.113,190,2,BE'ER SHEVA
9000,באר שבע,133,"1,174",-0.967,216,2,BE'ER SHEVA
9000,באר שבע,211,"3,582",0.134,714,5,BE'ER SHEVA
9000,באר שבע,212,"4,524",-0.548,349,3,BE'ER SHEVA
9000,באר שבע,213,"3,263",-0.281,466,4,BE'ER SHEVA
9000,באר שבע,214,"5,119",0.154,729,6,BE'ER SHEVA
9000,באר שבע,215,"1,785",-0.659,310,3,BE'ER SHEVA
9000,באר שבע,216,"3,488",-1.041,202,2,BE'ER SHEVA
9000,באר שבע,221,"2,792",-0.811,267,3,BE'ER SHEVA
9000,באר שבע,222,"3,091",-1.007,209,2,BE'ER SHEVA
9000,באר שבע,223,"2,535",0.005,626,5,BE'ER SHEVA
9000,באר שבע,224,"2,148",0.055,654,5,BE'ER SHEVA
9000,באר שבע,225,"3,579",-0.187,507,5,BE'ER SHEVA
9000,באר שבע,226,"1,409",-0.008,612,5,BE'ER SHEVA
9000,באר שבע,234,"3,000",0.796,1104,7,BE'ER SHEVA
9000,באר שבע,311,"3,646",0.458,930,6,BE'ER SHEVA
9000,באר שבע,312,"5,006",0.296,818,6,BE'ER SHEVA
9000,באר שבע,313,"3,147",0.333,846,6,BE'ER SHEVA
9000,באר שבע,411,"3,237",0.827,1121,7,BE'ER SHEVA
9000,באר שבע,412,"2,740",0.029,637,5,BE'ER SHEVA
9000,באר שבע,413,"6,944",0.062,657,5,BE'ER SHEVA
9000,באר שבע,414,"7,330",0.357,863,6,BE'ER SHEVA
9000,באר שבע,415,"7,943",0.453,925,6,BE'ER SHEVA
9000,באר שבע,421,"5,766",1.275,1342,8,BE'ER SHEVA
9000,באר שבע,422,"5,718",0.494,946,6,BE'ER SHEVA
9000,באר שבע,423,"4,527",-0.030,594,5,BE'ER SHEVA
9000,באר שבע,431,"3,424",-0.232,490,4,BE'ER SHEVA
9000,באר שבע,432,"3,569",-0.357,430,4,BE'ER SHEVA
9000,באר שבע,433,"1,650",-0.853,257,3,BE'ER SHEVA
9000,באר שבע,434,"4,018",-0.818,261,3,BE'ER SHEVA
9000,באר שבע,511,"2,104",-0.561,344,3,BE'ER SHEVA
9000,באר שבע,512,"2,963",-0.203,502,4,BE'ER SHEVA
9000,באר שבע,513,"3,164",0.439,913,6,BE'ER SHEVA
9000,באר שבע,521,"2,241",-0.283,464,4,BE'ER SHEVA
9000,באר שבע,522,"3,101",-0.288,459,4,BE'ER SHEVA
9000,באר שבע,523,"3,027",-0.257,483,4,BE'ER SHEVA
9000,באר שבע,611,"4,260",0.602,1011,7,BE'ER SHEVA
9000,באר שבע,612,"4,651",0.143,720,5,BE'ER SHEVA
9000,באר שבע,613,"4,825",0.872,1155,7,BE'ER SHEVA
9000,באר שבע,614,"2,219",-0.340,436,4,BE'ER SHEVA
9000,באר שבע,624,"1,791",0.247,786,6,BE'ER SHEVA
9000,באר שבע,631,"4,404",-0.818,262,3,BE'ER SHEVA
9000,באר שבע,632,"3,837",-0.901,241,2,BE'ER SHEVA
9000,באר שבע,633,"2,339",-1.347,151,2,BE'ER SHEVA
9000,באר שבע,634,222,1.157,1290,8,BE'ER SHEVA
9000,באר שבע,641,"3,007",0.682,1050,7,BE'ER SHEVA
9000,באר שבע,642,"4,819",0.882,1162,7,BE'ER SHEVA
9000,באר שבע,643,"5,310",1.187,1302,8,BE'ER SHEVA
9000,באר שבע,644,"1,301",1.292,1353,8,BE'ER SHEVA
9000,באר שבע,645,"9,314",0.757,1085,7,BE'ER SHEVA
9000,באר שבע,646,"4,818",0.838,1129,7,BE'ER SHEVA
9200,בית שאן,1,"4,550",0.327,840,6,BET SHE'AN
9200,בית שאן,2,"2,136",-0.426,400,3,BET SHE'AN
9200,בית שאן,3,"5,430",-0.294,456,4,BET SHE'AN
9200,בית שאן,4,"5,216",-0.457,390,3,BET SHE'AN
2610,בית שמש,12,"8,745",-2.281,14,1,BET SHEMESH
2610,בית שמש,13,"5,039",0.163,735,6,BET SHEMESH
2610,בית שמש,14,"5,092",-0.692,296,3,BET SHEMESH
2610,בית שמש,15,"2,385",-0.621,324,3,BET SHEMESH
2610,בית שמש,16,"4,260",-0.536,354,3,BET SHEMESH
2610,בית שמש,21,"2,584",0.683,1052,7,BET SHEMESH
2610,בית שמש,22,"4,803",-0.163,526,5,BET SHEMESH
2610,בית שמש,23,"1,016",-0.514,361,3,BET SHEMESH
2610,בית שמש,24,"3,829",0.146,723,5,BET SHEMESH
2610,בית שמש,25,"2,958",0.410,901,6,BET SHEMESH
2610,בית שמש,26,"7,808",-2.243,21,1,BET SHEMESH
2610,בית שמש,27,"4,928",-2.259,17,1,BET SHEMESH
2610,בית שמש,31,"4,702",-1.768,73,1,BET SHEMESH
2610,בית שמש,32,"9,490",-2.735,3,1,BET SHEMESH
2610,בית שמש,33,"7,122",-2.474,6,1,BET SHEMESH
2610,בית שמש,34,"7,032",-1.526,105,2,BET SHEMESH
2610,בית שמש,35,"5,489",-0.624,323,3,BET SHEMESH
2610,בית שמש,36,"5,811",-1.170,180,2,BET SHEMESH
2610,בית שמש,37,"5,765",-1.350,148,2,BET SHEMESH
2610,בית שמש,38,"4,766",-1.460,121,2,BET SHEMESH
3780,ביתר עילית,1,"3,630",-1.787,67,1,BETAR ILLIT
3780,ביתר עילית,2,"5,490",-1.789,66,1,BETAR ILLIT
3780,ביתר עילית,3,"6,694",-2.069,33,1,BETAR ILLIT
3780,ביתר עילית,4,"3,875",-1.813,62,1,BETAR ILLIT
3780,ביתר עילית,5,"4,033",-2.201,23,1,BETAR ILLIT
3780,ביתר עילית,6,"10,947",-1.897,48,1,BETAR ILLIT
3780,ביתר עילית,7,"6,286",-2.051,34,1,BETAR ILLIT
3780,ביתר עילית,8,"8,388",-1.851,54,1,BETAR ILLIT
6100,בני ברק,112,"2,290",-1.086,195,2,BENE BERAQ
6100,בני ברק,113,"3,068",-1.223,173,2,BENE BERAQ
6100,בני ברק,114,"3,901",-1.024,205,2,BENE BERAQ
6100,בני ברק,115,"5,898",-0.913,238,2,BENE BERAQ
6100,בני ברק,117,381,-0.456,392,3,BENE BERAQ
6100,בני ברק,121,"3,384",-0.615,326,3,BENE BERAQ
6100,בני ברק,122,"4,467",-0.982,213,2,BENE BERAQ
6100,בני ברק,123,"7,970",-0.907,239,2,BENE BERAQ
6100,בני ברק,211,"5,996",-1.549,102,2,BENE BERAQ
6100,בני ברק,212,"4,646",-1.420,129,2,BENE BERAQ
6100,בני ברק,213,"4,586",-1.584,95,2,BENE BERAQ
6100,בני ברק,214,"3,777",-1.469,119,2,BENE BERAQ
6100,בני ברק,221,"3,940",-1.389,137,2,BENE BERAQ
6100,בני ברק,222,"6,336",-1.583,96,2,BENE BERAQ
6100,בני ברק,223,"8,027",-1.438,126,2,BENE BERAQ
6100,בני ברק,231,"3,227",-0.485,377,3,BENE BERAQ
6100,בני ברק,232,"7,084",-0.809,268,3,BENE BERAQ
6100,בני ברק,233,"7,232",-1.222,174,2,BENE BERAQ
6100,בני ברק,311,"6,601",-1.486,115,2,BENE BERAQ
6100,בני ברק,312,"4,215",-1.672,85,1,BENE BERAQ
6100,בני ברק,313,"3,753",-1.828,58,1,BENE BERAQ
6100,בני ברק,314,"4,849",-0.658,312,3,BENE BERAQ
6100,בני ברק,315,"8,734",-1.034,203,2,BENE BERAQ
6100,בני ברק,321,"5,090",-1.715,81,1,BENE BERAQ
6100,בני ברק,322,"6,905",-1.973,42,1,BENE BERAQ
6100,בני ברק,323,"6,612",-1.572,99,2,BENE BERAQ
6100,בני ברק,411,"7,909",-1.193,178,2,BENE BERAQ
6100,בני ברק,412,"2,053",-1.124,187,2,BENE BERAQ
6100,בני ברק,413,"5,008",-1.157,181,2,BENE BERAQ
6100,בני ברק,414,"3,083",-1.380,142,2,BENE BERAQ
6100,בני ברק,415,"3,745",-1.304,160,2,BENE BERAQ
6100,בני ברק,421,"1,137",-3.293,1,1,BENE BERAQ
6100,בני ברק,422,"3,524",-1.487,114,2,BENE BERAQ
6100,בני ברק,423,"3,957",-1.764,74,1,BENE BERAQ
6100,בני ברק,424,"4,969",-1.496,112,2,BENE BERAQ
6100,בני ברק,425,"4,761",-1.493,113,2,BENE BERAQ
6100,בני ברק,426,"5,433",-1.392,136,2,BENE BERAQ
6100,בני ברק,427,"3,268",-1.699,83,1,BENE BERAQ
9800,בנימינה-גבעת עדה,1,"3,934",1.314,1362,8,BINYAMINA-GIV'AT ADA
9800,בנימינה-גבעת עדה,2,"3,928",1.547,1456,8,BINYAMINA-GIV'AT ADA
9800,בנימינה-גבעת עדה,3,"4,838",1.011,1219,8,BINYAMINA-GIV'AT ADA
9800,בנימינה-גבעת עדה,4,"1,850",1.769,1530,9,BINYAMINA-GIV'AT ADA
6200,בת ים,111,"4,177",-0.037,588,5,BAT YAM
6200,בת ים,112,"3,167",-0.284,463,4,BAT YAM
6200,בת ים,113,"4,804",-0.465,388,3,BAT YAM
6200,בת ים,114,"3,280",-0.134,541,5,BAT YAM
6200,בת ים,115,"3,239",-0.053,576,5,BAT YAM
6200,בת ים,212,"4,246",-0.078,563,5,BAT YAM
6200,בת ים,213,"2,816",0.276,806,6,BAT YAM
6200,בת ים,214,"3,017",0.218,766,6,BAT YAM
6200,בת ים,215,"4,338",0.208,759,6,BAT YAM
6200,בת ים,217,"4,237",0.110,693,5,BAT YAM
6200,בת ים,221,"2,614",-0.121,547,5,BAT YAM
6200,בת ים,222,"4,091",0.045,646,5,BAT YAM
6200,בת ים,223,"2,402",0.058,655,5,BAT YAM
6200,בת ים,224,"2,736",0.076,673,5,BAT YAM
6200,בת ים,225,"2,149",-0.130,544,5,BAT YAM
6200,בת ים,226,"1,671",0.951,1184,7,BAT YAM
6200,בת ים,227,"1,836",-0.241,487,4,BAT YAM
6200,בת ים,228,858,-2.165,25,1,BAT YAM
6200,בת ים,311,"3,579",0.034,643,5,BAT YAM
6200,בת ים,312,"2,485",0.077,675,5,BAT YAM
6200,בת ים,313,"3,333",-0.061,572,5,BAT YAM
6200,בת ים,314,"3,772",0.026,636,5,BAT YAM
6200,בת ים,315,"3,488",0.067,664,5,BAT YAM
6200,בת ים,316,"2,298",-0.005,615,5,BAT YAM
6200,בת ים,321,"3,081",-0.163,524,5,BAT YAM
6200,בת ים,322,"5,209",-0.068,569,5,BAT YAM
6200,בת ים,411,"3,788",-0.254,485,4,BAT YAM
6200,בת ים,412,"4,437",-0.382,416,4,BAT YAM
6200,בת ים,413,"3,923",-0.489,376,3,BAT YAM
6200,בת ים,421,"4,834",-0.291,458,4,BAT YAM
6200,בת ים,422,"2,088",-0.215,499,4,BAT YAM
6200,בת ים,423,"2,471",-0.319,443,4,BAT YAM
6200,בת ים,511,"2,892",-0.184,510,5,BAT YAM
6200,בת ים,512,"3,019",0.212,761,6,BAT YAM
6200,בת ים,513,"2,762",0.219,769,6,BAT YAM
6200,בת ים,514,"3,184",-0.149,532,5,BAT YAM
6200,בת ים,521,"3,818",0.292,814,6,BAT YAM
6200,בת ים,522,"4,920",-0.183,511,5,BAT YAM
6200,בת ים,523,"3,583",0.349,856,6,BAT YAM
3730,גבעת זאב,1,"1,995",0.544,974,7,GIV'AT ZE'EV
3730,גבעת זאב,2,"4,258",0.404,894,6,GIV'AT ZE'EV
3730,גבעת זאב,3,"6,839",0.140,717,5,GIV'AT ZE'EV
3730,גבעת זאב,4,"3,032",-1.387,140,2,GIV'AT ZE'EV
681,גבעת שמואל,1,"2,963",1.262,1338,8,GIV'AT SHEMU'EL
681,גבעת שמואל,2,"4,963",0.531,970,7,GIV'AT SHEMU'EL
681,גבעת שמואל,3,"4,276",0.673,1042,7,GIV'AT SHEMU'EL
681,גבעת שמואל,4,"6,680",1.281,1349,8,GIV'AT SHEMU'EL
681,גבעת שמואל,5,"2,695",1.671,1499,9,GIV'AT SHEMU'EL
681,גבעת שמואל,6,"3,721",1.233,1326,8,GIV'AT SHEMU'EL
6300,גבעתיים,11,"3,003",1.253,1333,8,GIV'ATAYIM
6300,גבעתיים,12,"6,791",1.584,1473,8,GIV'ATAYIM
6300,גבעתיים,13,"4,096",1.504,1445,8,GIV'ATAYIM
6300,גבעתיים,21,"4,530",1.340,1375,8,GIV'ATAYIM
6300,גבעתיים,22,"3,367",1.565,1464,8,GIV'ATAYIM
6300,גבעתיים,23,"4,372",1.582,1472,8,GIV'ATAYIM
6300,גבעתיים,31,"3,074",1.398,1401,8,GIV'ATAYIM
6300,גבעתיים,32,"3,054",1.151,1288,8,GIV'ATAYIM
6300,גבעתיים,33,"4,723",1.304,1357,8,GIV'ATAYIM
6300,גבעתיים,34,"4,574",1.562,1462,8,GIV'ATAYIM
6300,גבעתיים,41,"5,586",2.016,1579,9,GIV'ATAYIM
6300,גבעתיים,42,"3,353",1.422,1409,8,GIV'ATAYIM
6300,גבעתיים,43,"3,687",1.085,1259,8,GIV'ATAYIM
6300,גבעתיים,44,"3,283",1.233,1327,8,GIV'ATAYIM
2550,גדרה,1,"2,868",0.198,755,6,GEDERA
2550,גדרה,2,"4,884",0.974,1199,8,GEDERA
2550,גדרה,3,"4,139",0.257,797,6,GEDERA
2550,גדרה,4,"7,791",0.681,1048,7,GEDERA
2550,גדרה,5,"6,138",0.919,1172,7,GEDERA
166,גן יבנה,1,"5,293",0.815,1114,7,GAN YAVNE
166,גן יבנה,2,"5,509",0.923,1174,7,GAN YAVNE
166,גן יבנה,3,"6,475",0.592,1004,7,GAN YAVNE
166,גן יבנה,4,"5,018",0.783,1101,7,GAN YAVNE
229,גני תקווה,1,"7,883",1.195,1309,8,GANNE TIQWA
229,גני תקווה,2,"3,207",1.309,1359,8,GANNE TIQWA
229,גני תקווה,3,"4,953",1.649,1492,9,GANNE TIQWA
2200,דימונה,2,"3,146",-0.884,247,2,DIMONA
2200,דימונה,3,"2,201",-1.054,200,2,DIMONA
2200,דימונה,4,"2,813",-1.105,191,2,DIMONA
2200,דימונה,5,"4,483",0.007,627,5,DIMONA
2200,דימונה,6,"5,171",0.145,721,5,DIMONA
2200,דימונה,7,"1,800",-0.179,513,5,DIMONA
2200,דימונה,8,"1,817",-0.716,288,3,DIMONA
2200,דימונה,9,"5,229",0.443,919,6,DIMONA
2200,דימונה,10,"1,909",-0.951,225,2,DIMONA
2200,דימונה,11,"1,659",-0.936,229,2,DIMONA
2200,דימונה,12,"2,791",-0.204,501,4,DIMONA
9700,הוד השרון,11,"3,736",0.864,1147,7,HOD HASHARON
9700,הוד השרון,12,"6,842",1.581,1471,8,HOD HASHARON
9700,הוד השרון,13,"6,979",1.678,1501,9,HOD HASHARON
9700,הוד השרון,14,"3,637",1.393,1397,8,HOD HASHARON
9700,הוד השרון,15,"2,866",1.259,1336,8,HOD HASHARON
9700,הוד השרון,21,"6,704",1.453,1421,8,HOD HASHARON
9700,הוד השרון,22,"5,219",1.932,1560,9,HOD HASHARON
9700,הוד השרון,23,"5,993",1.224,1324,8,HOD HASHARON
9700,הוד השרון,24,"4,386",1.569,1465,8,HOD HASHARON
9700,הוד השרון,31,"4,873",2.150,1595,9,HOD HASHARON
9700,הוד השרון,32,"3,014",1.485,1436,8,HOD HASHARON
9700,הוד השרון,33,"2,013",0.831,1125,7,HOD HASHARON
6400,הרצלייה,11,"3,520",-0.028,600,5,HERZLIYYA
6400,הרצלייה,12,"4,561",0.805,1108,7,HERZLIYYA
6400,הרצלייה,13,"4,296",0.528,967,7,HERZLIYYA
6400,הרצלייה,21,"4,784",1.965,1570,9,HERZLIYYA
6400,הרצלייה,22,"5,280",1.664,1498,9,HERZLIYYA
6400,הרצלייה,23,"3,785",1.336,1372,8,HERZLIYYA
6400,הרצלייה,24,"3,478",1.121,1272,8,HERZLIYYA
6400,הרצלייה,31,"1,929",0.961,1192,7,HERZLIYYA
6400,הרצלייה,32,"2,159",1.617,1481,8,HERZLIYYA
6400,הרצלייה,33,"3,109",1.184,1301,8,HERZLIYYA
6400,הרצלייה,34,"4,271",0.644,1030,7,HERZLIYYA
6400,הרצלייה,35,"4,034",0.831,1124,7,HERZLIYYA
6400,הרצלייה,41,"2,802",0.974,1200,8,HERZLIYYA
6400,הרצלייה,42,"3,251",1.215,1316,8,HERZLIYYA
6400,הרצלייה,43,"3,063",1.498,1442,8,HERZLIYYA
6400,הרצלייה,44,"2,978",1.728,1514,9,HERZLIYYA
6400,הרצלייה,51,"2,953",1.097,1262,8,HERZLIYYA
6400,הרצלייה,52,"3,196",1.729,1515,9,HERZLIYYA
6400,הרצלייה,54,"5,610",1.759,1528,9,HERZLIYYA
6400,הרצלייה,55,"2,508",1.813,1538,9,HERZLIYYA
6400,הרצלייה,56,"3,747",1.060,1245,8,HERZLIYYA
6400,הרצלייה,57,"2,436",0.763,1087,7,HERZLIYYA
6400,הרצלייה,61,208,0.744,1080,7,HERZLIYYA
6400,הרצלייה,63,"3,139",1.823,1540,9,HERZLIYYA
6400,הרצלייה,64,"2,703",2.233,1602,9,HERZLIYYA
6400,הרצלייה,65,"3,472",1.200,1312,8,HERZLIYYA
6400,הרצלייה,66,"4,343",1.790,1533,9,HERZLIYYA
9300,זכרון יעקב,1,"2,386",2.111,1593,9,ZIKHRON YA'AQOV
9300,זכרון יעקב,2,"6,471",0.841,1130,7,ZIKHRON YA'AQOV
9300,זכרון יעקב,3,"5,580",1.914,1556,9,ZIKHRON YA'AQOV
9300,זכרון יעקב,4,"7,911",0.655,1036,7,ZIKHRON YA'AQOV
6500,חדרה,11,"3,760",0.400,889,6,HADERA
6500,חדרה,12,"4,076",0.403,893,6,HADERA
6500,חדרה,13,"5,208",0.483,941,6,HADERA
6500,חדרה,21,"3,117",0.607,1013,7,HADERA
6500,חדרה,23,"6,874",0.723,1071,7,HADERA
6500,חדרה,24,"3,913",-0.307,450,4,HADERA
6500,חדרה,31,"4,718",0.655,1037,7,HADERA
6500,חדרה,32,"5,617",0.183,751,6,HADERA
6500,חדרה,41,"9,902",0.867,1152,7,HADERA
6500,חדרה,42,"2,608",0.866,1151,7,HADERA
6500,חדרה,43,"2,658",-0.650,316,3,HADERA
6500,חדרה,44,"4,225",-0.176,517,5,HADERA
6500,חדרה,45,"3,928",0.177,744,6,HADERA
6500,חדרה,51,"4,304",-0.032,590,5,HADERA
6500,חדרה,52,"3,814",-0.060,573,5,HADERA
6500,חדרה,53,"4,371",0.011,630,5,HADERA
6500,חדרה,61,"3,588",0.047,648,5,HADERA
6500,חדרה,62,"2,781",-0.464,389,3,HADERA
6500,חדרה,63,"3,863",-0.047,580,5,HADERA
6500,חדרה,64,"4,327",-0.192,505,5,HADERA
6500,חדרה,65,600,1.449,1418,8,HADERA
6600,חולון,211,"4,164",0.327,838,6,HOLON
6600,חולון,212,"3,909",0.083,679,5,HOLON
6600,חולון,213,"4,520",0.571,988,7,HOLON
6600,חולון,214,"4,361",0.758,1086,7,HOLON
6600,חולון,215,"2,024",0.117,697,5,HOLON
6600,חולון,216,"2,995",0.243,784,6,HOLON
6600,חולון,221,"1,631",0.675,1044,7,HOLON
6600,חולון,222,"1,845",0.645,1032,7,HOLON
6600,חולון,223,"3,006",0.257,796,6,HOLON
6600,חולון,224,"2,115",0.676,1046,7,HOLON
6600,חולון,225,"4,510",0.359,864,6,HOLON
6600,חולון,311,"2,369",0.843,1132,7,HOLON
6600,חולון,312,"2,299",0.800,1106,7,HOLON
6600,חולון,313,"3,575",0.586,999,7,HOLON
6600,חולון,314,"3,052",0.225,773,6,HOLON
6600,חולון,321,"3,523",0.583,997,7,HOLON
6600,חולון,322,"2,366",0.855,1139,7,HOLON
6600,חולון,323,"3,684",0.479,940,6,HOLON
6600,חולון,324,"3,484",0.315,830,6,HOLON
6600,חולון,331,"2,649",0.221,770,6,HOLON
6600,חולון,332,"1,967",0.272,804,6,HOLON
6600,חולון,333,"2,669",0.390,882,6,HOLON
6600,חולון,334,"1,999",0.392,883,6,HOLON
6600,חולון,335,"4,287",0.442,917,6,HOLON
6600,חולון,411,"1,827",0.692,1056,7,HOLON
6600,חולון,412,"3,209",0.485,942,6,HOLON
6600,חולון,413,"5,914",1.133,1276,8,HOLON
6600,חולון,414,"6,278",1.139,1281,8,HOLON
6600,חולון,415,"3,803",1.177,1297,8,HOLON
6600,חולון,416,"11,280",1.178,1298,8,HOLON
6600,חולון,422,"3,862",1.103,1263,8,HOLON
6600,חולון,423,"3,086",0.917,1171,7,HOLON
6600,חולון,424,"2,254",1.021,1226,8,HOLON
6600,חולון,425,"3,336",0.997,1211,8,HOLON
6600,חולון,426,"2,860",0.987,1207,8,HOLON
6600,חולון,427,"4,224",0.728,1073,7,HOLON
6600,חולון,512,"4,234",-0.465,387,3,HOLON
6600,חולון,513,"1,393",0.439,912,6,HOLON
6600,חולון,514,"4,210",-0.300,454,4,HOLON
6600,חולון,521,"4,506",0.258,798,6,HOLON
6600,חולון,522,"3,093",0.881,1161,7,HOLON
6600,חולון,523,"4,114",0.398,888,6,HOLON
6600,חולון,611,"4,136",0.302,822,6,HOLON
6600,חולון,612,"2,549",0.377,873,6,HOLON
6600,חולון,613,"2,390",0.182,749,6,HOLON
6600,חולון,614,"4,520",0.165,738,6,HOLON
6600,חולון,615,"2,739",-0.192,504,5,HOLON
6600,חולון,621,"5,513",-0.372,421,4,HOLON
6600,חולון,622,"4,277",0.077,676,5,HOLON
6600,חולון,623,"3,893",0.278,807,6,HOLON
6600,חולון,624,"3,434",0.145,722,5,HOLON
6600,חולון,625,"4,578",0.408,896,6,HOLON
6600,חולון,626,"4,016",-0.026,604,5,HOLON
4000,חיפה,111,"2,231",-0.922,235,2,HAIFA
4000,חיפה,112,"5,459",-0.046,581,5,HAIFA
4000,חיפה,121,"4,804",-0.052,577,5,HAIFA
4000,חיפה,122,"4,824",-0.227,493,4,HAIFA
4000,חיפה,131,"3,040",0.985,1205,8,HAIFA
4000,חיפה,132,"3,272",1.019,1223,8,HAIFA
4000,חיפה,133,"3,315",0.865,1150,7,HAIFA
4000,חיפה,134,"4,696",1.025,1228,8,HAIFA
4000,חיפה,135,"4,870",0.327,839,6,HAIFA
4000,חיפה,311,779,-1.363,146,2,HAIFA
4000,חיפה,314,"1,339",-1.457,122,2,HAIFA
4000,חיפה,324,"1,249",-0.656,313,3,HAIFA
4000,חיפה,331,"1,378",-0.512,364,3,HAIFA
4000,חיפה,332,"2,349",-0.492,375,3,HAIFA
4000,חיפה,333,"1,112",-0.307,451,4,HAIFA
4000,חיפה,334,"3,698",-0.402,406,4,HAIFA
4000,חיפה,411,"3,673",-0.409,403,4,HAIFA
4000,חיפה,412,"3,045",-0.261,480,4,HAIFA
4000,חיפה,413,"3,819",0.204,757,6,HAIFA
4000,חיפה,414,"3,642",-0.398,407,4,HAIFA
4000,חיפה,417,"3,222",-0.316,444,4,HAIFA
4000,חיפה,418,"1,423",-0.473,381,3,HAIFA
4000,חיפה,421,"1,951",0.325,836,6,HAIFA
4000,חיפה,422,"3,988",0.177,743,6,HAIFA
4000,חיפה,423,"4,799",0.059,656,5,HAIFA
4000,חיפה,424,"3,672",-0.088,561,5,HAIFA
4000,חיפה,425,"1,820",1.468,1430,8,HAIFA
4000,חיפה,426,"3,990",-0.610,329,3,HAIFA
4000,חיפה,431,303,0.846,1135,7,HAIFA
4000,חיפה,511,"5,617",1.933,1561,9,HAIFA
4000,חיפה,512,"3,421",1.971,1572,9,HAIFA
4000,חיפה,513,"3,044",1.883,1551,9,HAIFA
4000,חיפה,514,"2,927",2.092,1590,9,HAIFA
4000,חיפה,521,"1,711",0.608,1014,7,HAIFA
4000,חיפה,522,"1,842",1.396,1400,8,HAIFA
4000,חיפה,523,"1,851",1.063,1246,8,HAIFA
4000,חיפה,524,"2,415",1.412,1405,8,HAIFA
4000,חיפה,525,"3,707",1.576,1468,8,HAIFA
4000,חיפה,526,"3,571",1.478,1434,8,HAIFA
4000,חיפה,527,"2,428",0.559,981,7,HAIFA
4000,חיפה,528,"3,955",1.174,1295,8,HAIFA
4000,חיפה,531,"4,365",1.176,1296,8,HAIFA
4000,חיפה,532,"3,625",1.255,1335,8,HAIFA
4000,חיפה,533,"4,159",1.437,1415,8,HAIFA
4000,חיפה,611,"3,229",0.576,994,7,HAIFA
4000,חיפה,612,"1,939",0.076,674,5,HAIFA
4000,חיפה,613,"2,824",-0.420,401,4,HAIFA
4000,חיפה,621,"3,754",0.155,730,6,HAIFA
4000,חיפה,622,"3,342",-0.502,367,3,HAIFA
4000,חיפה,623,"3,611",0.393,884,6,HAIFA
4000,חיפה,631,"4,421",-0.877,250,2,HAIFA
4000,חיפה,632,"2,703",-0.786,271,3,HAIFA
4000,חיפה,633,"1,615",-1.400,135,2,HAIFA
4000,חיפה,634,"1,595",-1.290,162,2,HAIFA
4000,חיפה,641,"3,551",-1.520,106,2,HAIFA
4000,חיפה,642,"4,341",-1.417,130,2,HAIFA
4000,חיפה,643,"2,303",-1.627,89,1,HAIFA
4000,חיפה,644,699,-0.115,549,5,HAIFA
4000,חיפה,711,"1,748",-1.119,188,2,HAIFA
4000,חיפה,712,"3,985",-0.403,405,4,HAIFA
4000,חיפה,713,"4,962",-0.998,211,2,HAIFA
4000,חיפה,714,"5,007",0.074,670,5,HAIFA
4000,חיפה,715,872,0.818,1115,7,HAIFA
4000,חיפה,721,"4,038",0.073,669,5,HAIFA
4000,חיפה,722,"3,554",0.161,733,6,HAIFA
4000,חיפה,723,"5,063",0.592,1003,7,HAIFA
4000,חיפה,731,"2,218",0.325,835,6,HAIFA
4000,חיפה,732,"4,001",0.384,877,6,HAIFA
4000,חיפה,733,"2,572",0.165,737,6,HAIFA
4000,חיפה,811,"3,516",0.305,824,6,HAIFA
4000,חיפה,812,"4,356",-0.138,538,5,HAIFA
4000,חיפה,813,"2,733",1.720,1510,9,HAIFA
4000,חיפה,821,"3,941",0.698,1060,7,HAIFA
4000,חיפה,822,"2,050",1.328,1368,8,HAIFA
4000,חיפה,823,"2,214",1.687,1503,9,HAIFA
4000,חיפה,824,"2,686",1.434,1413,8,HAIFA
4000,חיפה,911,"3,808",1.138,1280,8,HAIFA
4000,חיפה,912,"3,584",1.400,1402,8,HAIFA
4000,חיפה,921,"2,484",1.430,1410,8,HAIFA
4000,חיפה,922,"3,816",1.793,1535,9,HAIFA
4000,חיפה,931,"3,234",2.175,1598,9,HAIFA
4000,חיפה,932,"4,872",1.938,1562,9,HAIFA
4000,חיפה,933,"3,611",1.645,1490,9,HAIFA
4000,חיפה,934,"3,465",2.016,1581,9,HAIFA
4000,חיפה,941,"2,236",2.340,1609,9,HAIFA
4000,חיפה,942,"2,034",1.949,1564,9,HAIFA
4000,חיפה,943,"3,093",2.151,1596,9,HAIFA
4000,חיפה,944,"4,878",2.759,1622,10,HAIFA
4000,חיפה,945,641,-0.059,574,5,HAIFA
6700,טבריה,11,"6,044",0.178,745,6,TIBERIAS
6700,טבריה,12,"4,725",-0.786,272,3,TIBERIAS
6700,טבריה,13,"2,886",-0.814,266,3,TIBERIAS
6700,טבריה,14,"1,223",-0.820,260,3,TIBERIAS
6700,טבריה,15,843,-1.009,207,2,TIBERIAS
6700,טבריה,21,"4,640",-0.230,491,4,TIBERIAS
6700,טבריה,22,"1,740",-0.502,368,3,TIBERIAS
6700,טבריה,23,"2,407",-0.653,315,3,TIBERIAS
6700,טבריה,24,"2,603",0.247,787,6,TIBERIAS
6700,טבריה,25,"2,828",0.153,727,6,TIBERIAS
6700,טבריה,31,"3,176",0.079,677,5,TIBERIAS
6700,טבריה,32,"2,460",-1.290,163,2,TIBERIAS
6700,טבריה,33,"1,704",-1.131,186,2,TIBERIAS
6700,טבריה,34,"2,141",-1.358,147,2,TIBERIAS
6700,טבריה,36,"2,393",-0.537,353,3,TIBERIAS
2100,טירת כרמל,1,"1,695",0.393,885,6,TIRAT KARMEL
2100,טירת כרמל,2,566,0.955,1186,7,TIRAT KARMEL
2100,טירת כרמל,3,"4,055",-0.568,341,3,TIRAT KARMEL
2100,טירת כרמל,4,"2,000",-0.233,489,4,TIRAT KARMEL
2100,טירת כרמל,5,"4,835",0.165,736,6,TIRAT KARMEL
2100,טירת כרמל,6,"3,706",0.267,802,6,TIRAT KARMEL
2100,טירת כרמל,7,"2,459",-0.900,243,2,TIRAT KARMEL
2660,יבנה,1,578,0.710,1065,7,YAVNE
2660,יבנה,2,"4,311",1.529,1451,8,YAVNE
2660,יבנה,3,"2,479",2.213,1600,9,YAVNE
2660,יבנה,4,"4,768",-0.197,503,4,YAVNE
2660,יבנה,5,"4,173",-0.217,498,4,YAVNE
2660,יבנה,6,"4,940",-0.330,439,4,YAVNE
2660,יבנה,7,"4,470",-0.147,534,5,YAVNE
2660,יבנה,8,"6,733",0.733,1074,7,YAVNE
2660,יבנה,9,"9,862",0.982,1202,8,YAVNE
9400,יהוד,1,"3,473",1.148,1287,8,YEHUD
9400,יהוד,3,"2,656",-0.031,593,5,YEHUD
9400,יהוד,4,"7,220",0.567,985,7,YEHUD
9400,יהוד,5,"3,406",0.550,977,7,YEHUD
9400,יהוד,6,"3,429",1.147,1285,8,YEHUD
9400,יהוד,7,"5,848",1.779,1531,9,YEHUD
9400,יהוד,8,"3,112",1.672,1500,9,YEHUD
240,יקנעם עילית,1,"2,135",-0.002,619,5,YOQNE'AM ILLIT
240,יקנעם עילית,3,"1,974",-0.664,307,3,YOQNE'AM ILLIT
240,יקנעם עילית,4,"4,943",0.487,943,6,YOQNE'AM ILLIT
240,יקנעם עילית,5,"4,282",1.260,1337,8,YOQNE'AM ILLIT
240,יקנעם עילית,6,"4,997",1.213,1314,8,YOQNE'AM ILLIT
240,יקנעם עילית,7,"3,050",1.380,1390,8,YOQNE'AM ILLIT
3000,ירושלים,111,"2,991",-1.728,78,1,JERUSALEM
3000,ירושלים,112,"2,760",-1.574,98,2,JERUSALEM
3000,ירושלים,113,"3,758",-1.308,157,2,JERUSALEM
3000,ירושלים,114,"3,638",-1.406,134,2,JERUSALEM
3000,ירושלים,115,"3,760",-1.282,166,2,JERUSALEM
3000,ירושלים,116,"4,871",-0.954,223,2,JERUSALEM
3000,ירושלים,121,"4,773",0.092,683,5,JERUSALEM
3000,ירושלים,122,"3,047",0.256,795,6,JERUSALEM
3000,ירושלים,123,"4,812",0.066,660,5,JERUSALEM
3000,ירושלים,124,"2,318",-0.007,614,5,JERUSALEM
3000,ירושלים,125,"3,614",0.154,728,6,JERUSALEM
3000,ירושלים,131,"2,136",0.596,1007,7,JERUSALEM
3000,ירושלים,132,"4,407",0.239,780,6,JERUSALEM
3000,ירושלים,133,"4,764",0.299,820,6,JERUSALEM
3000,ירושלים,134,"2,889",0.327,841,6,JERUSALEM
3000,ירושלים,135,"4,422",0.368,870,6,JERUSALEM
3000,ירושלים,136,"4,021",0.620,1020,7,JERUSALEM
3000,ירושלים,411,"5,577",-1.468,120,2,JERUSALEM
3000,ירושלים,412,"4,945",-1.577,97,2,JERUSALEM
3000,ירושלים,413,"4,510",-0.965,218,2,JERUSALEM
3000,ירושלים,421,"4,377",-0.482,378,3,JERUSALEM
3000,ירושלים,422,"3,338",-0.590,335,3,JERUSALEM
3000,ירושלים,423,"5,307",-1.777,69,1,JERUSALEM
3000,ירושלים,424,"2,831",-1.734,77,1,JERUSALEM
3000,ירושלים,425,"5,301",-1.739,76,1,JERUSALEM
3000,ירושלים,426,"5,673",-1.412,132,2,JERUSALEM
3000,ירושלים,431,"5,050",0.092,685,5,JERUSALEM
3000,ירושלים,432,"5,086",-1.216,176,2,JERUSALEM
3000,ירושלים,433,"2,318",-0.311,447,4,JERUSALEM
3000,ירושלים,434,"3,435",-0.610,328,3,JERUSALEM
3000,ירושלים,435,"2,153",0.764,1088,7,JERUSALEM
3000,ירושלים,512,"2,971",-1.974,41,1,JERUSALEM
3000,ירושלים,513,"3,908",-2.183,24,1,JERUSALEM
3000,ירושלים,514,"4,490",-1.912,45,1,JERUSALEM
3000,ירושלים,515,"4,357",-1.782,68,1,JERUSALEM
3000,ירושלים,521,"4,220",-1.772,70,1,JERUSALEM
3000,ירושלים,522,"3,952",-1.558,101,2,JERUSALEM
3000,ירושלים,523,"3,133",-0.766,275,3,JERUSALEM
3000,ירושלים,531,"3,259",-1.430,127,2,JERUSALEM
3000,ירושלים,532,"4,452",-1.906,46,1,JERUSALEM
3000,ירושלים,533,"2,631",-1.624,92,1,JERUSALEM
3000,ירושלים,541,"3,651",0.921,1173,7,JERUSALEM
3000,ירושלים,542,"3,590",0.067,661,5,JERUSALEM
3000,ירושלים,543,774,-0.466,385,3,JERUSALEM
3000,ירושלים,811,153,-0.541,352,3,JERUSALEM
3000,ירושלים,812,"3,247",-1.514,108,2,JERUSALEM
3000,ירושלים,821,"7,785",-2.655,4,1,JERUSALEM
3000,ירושלים,822,"6,376",-2.262,15,1,JERUSALEM
3000,ירושלים,823,"3,637",-2.377,9,1,JERUSALEM
3000,ירושלים,824,"8,700",-2.100,28,1,JERUSALEM
3000,ירושלים,825,"2,469",-2.394,8,1,JERUSALEM
3000,ירושלים,826,"5,818",-2.099,29,1,JERUSALEM
3000,ירושלים,832,"3,571",-1.699,82,1,JERUSALEM
3000,ירושלים,833,"1,380",-1.529,103,2,JERUSALEM
3000,ירושלים,834,"3,873",-1.768,72,1,JERUSALEM
3000,ירושלים,835,"2,323",-2.074,32,1,JERUSALEM
3000,ירושלים,836,"4,013",-1.810,63,1,JERUSALEM
3000,ירושלים,841,"1,709",-0.915,236,2,JERUSALEM
3000,ירושלים,842,684,-1.854,53,1,JERUSALEM
3000,ירושלים,843,817,-0.258,482,4,JERUSALEM
3000,ירושלים,846,987,0.509,955,7,JERUSALEM
3000,ירושלים,847,732,0.147,724,5,JERUSALEM
3000,ירושלים,848,"1,285",-0.019,608,5,JERUSALEM
3000,ירושלים,851,857,-1.349,149,2,JERUSALEM
3000,ירושלים,852,741,0.250,791,6,JERUSALEM
3000,ירושלים,853,"1,576",-0.667,306,3,JERUSALEM
3000,ירושלים,854,"1,687",0.066,659,5,JERUSALEM
3000,ירושלים,855,"1,578",0.002,624,5,JERUSALEM
3000,ירושלים,856,"1,055",0.193,752,6,JERUSALEM
3000,ירושלים,857,"1,058",0.222,771,6,JERUSALEM
3000,ירושלים,858,729,-0.628,320,3,JERUSALEM
3000,ירושלים,861,839,-0.322,441,4,JERUSALEM
3000,ירושלים,862,"1,331",0.017,632,5,JERUSALEM
3000,ירושלים,863,"2,964",0.662,1041,7,JERUSALEM
3000,ירושלים,864,"2,551",1.020,1225,8,JERUSALEM
3000,ירושלים,911,"3,256",-1.511,109,2,JERUSALEM
3000,ירושלים,912,"4,802",-1.514,107,2,JERUSALEM
3000,ירושלים,913,"2,144",-1.655,86,1,JERUSALEM
3000,ירושלים,914,"6,431",-1.716,80,1,JERUSALEM
3000,ירושלים,915,"5,867",-1.893,49,1,JERUSALEM
3000,ירושלים,921,"3,282",-1.288,164,2,JERUSALEM
3000,ירושלים,922,"3,114",-1.219,175,2,JERUSALEM
3000,ירושלים,923,"5,433",-1.051,201,2,JERUSALEM
3000,ירושלים,925,676,1.364,1385,8,JERUSALEM
3000,ירושלים,931,"3,057",-0.397,408,4,JERUSALEM
3000,ירושלים,932,"6,196",-0.926,231,2,JERUSALEM
3000,ירושלים,933,"4,742",-0.976,214,2,JERUSALEM
3000,ירושלים,934,"2,176",-0.527,358,3,JERUSALEM
3000,ירושלים,1011,"4,483",1.016,1222,8,JERUSALEM
3000,ירושלים,1012,"4,871",1.301,1355,8,JERUSALEM
3000,ירושלים,1013,"4,713",1.367,1386,8,JERUSALEM
3000,ירושלים,1014,"3,261",1.316,1363,8,JERUSALEM
3000,ירושלים,1015,"5,111",-0.448,396,3,JERUSALEM
3000,ירושלים,1016,"3,665",-1.091,193,2,JERUSALEM
3000,ירושלים,1021,301,0.985,1204,8,JERUSALEM
3000,ירושלים,1022,"1,477",1.720,1509,9,JERUSALEM
3000,ירושלים,1024,363,-0.703,292,3,JERUSALEM
3000,ירושלים,1031,"7,256",-1.026,204,2,JERUSALEM
3000,ירושלים,1032,"3,846",-0.959,221,2,JERUSALEM
3000,ירושלים,1034,"5,075",-1.624,91,1,JERUSALEM
3000,ירושלים,1035,"3,972",-1.748,75,1,JERUSALEM
3000,ירושלים,1041,"1,986",1.391,1395,8,JERUSALEM
3000,ירושלים,1042,"2,264",1.234,1328,8,JERUSALEM
3000,ירושלים,1043,"3,982",0.688,1054,7,JERUSALEM
3000,ירושלים,1044,"2,334",1.009,1217,8,JERUSALEM
3000,ירושלים,1114,218,-0.513,362,3,JERUSALEM
3000,ירושלים,1115,"1,428",0.964,1193,8,JERUSALEM
3000,ירושלים,1121,"2,266",-0.266,475,4,JERUSALEM
3000,ירושלים,1122,"4,839",-0.395,409,4,JERUSALEM
3000,ירושלים,1123,"1,741",0.247,785,6,JERUSALEM
3000,ירושלים,1124,"3,812",-0.030,596,5,JERUSALEM
3000,ירושלים,1131,"3,106",0.025,635,5,JERUSALEM
3000,ירושלים,1132,"4,703",-0.457,391,3,JERUSALEM
3000,ירושלים,1133,"1,929",0.422,907,6,JERUSALEM
3000,ירושלים,1134,"1,299",0.619,1019,7,JERUSALEM
3000,ירושלים,1141,"4,480",-0.286,462,4,JERUSALEM
3000,ירושלים,1142,"1,851",-0.029,597,5,JERUSALEM
3000,ירושלים,1143,"4,226",-0.494,372,3,JERUSALEM
3000,ירושלים,1144,"4,305",1.069,1251,8,JERUSALEM
3000,ירושלים,1147,"3,764",1.434,1412,8,JERUSALEM
3000,ירושלים,1211,"2,429",-0.566,342,3,JERUSALEM
3000,ירושלים,1212,"3,309",-0.381,417,4,JERUSALEM
3000,ירושלים,1213,"2,522",-0.038,587,5,JERUSALEM
3000,ירושלים,1214,"2,642",0.104,690,5,JERUSALEM
3000,ירושלים,1215,"5,215",0.219,768,6,JERUSALEM
3000,ירושלים,1216,"4,082",0.442,918,6,JERUSALEM
3000,ירושלים,1217,"4,258",0.502,953,7,JERUSALEM
3000,ירושלים,1221,"6,151",-0.271,470,4,JERUSALEM
3000,ירושלים,1222,"4,953",0.925,1176,7,JERUSALEM
3000,ירושלים,1223,"3,439",0.947,1183,7,JERUSALEM
3000,ירושלים,1311,"2,534",0.624,1022,7,JERUSALEM
3000,ירושלים,1312,"3,280",0.975,1201,8,JERUSALEM
3000,ירושלים,1313,"2,076",0.469,936,6,JERUSALEM
3000,ירושלים,1314,"1,982",0.868,1153,7,JERUSALEM
3000,ירושלים,1321,"1,943",0.967,1196,8,JERUSALEM
3000,ירושלים,1322,"1,051",0.409,900,6,JERUSALEM
3000,ירושלים,1333,"1,932",0.631,1026,7,JERUSALEM
3000,ירושלים,1334,"2,491",0.928,1177,7,JERUSALEM
3000,ירושלים,1335,"2,841",0.171,740,6,JERUSALEM
3000,ירושלים,1336,"1,114",0.594,1006,7,JERUSALEM
3000,ירושלים,1337,"1,914",0.742,1078,7,JERUSALEM
3000,ירושלים,1341,"3,106",0.924,1175,7,JERUSALEM
3000,ירושלים,1342,"4,822",0.454,927,6,JERUSALEM
3000,ירושלים,1343,"2,443",1.137,1278,8,JERUSALEM
3000,ירושלים,1344,"3,283",-0.281,465,4,JERUSALEM
3000,ירושלים,1345,"1,104",-0.098,556,5,JERUSALEM
3000,ירושלים,1346,"1,827",0.465,934,6,JERUSALEM
3000,ירושלים,1351,"3,737",0.805,1107,7,JERUSALEM
3000,ירושלים,1352,"2,787",0.357,862,6,JERUSALEM
3000,ירושלים,1353,"2,474",0.091,682,5,JERUSALEM
3000,ירושלים,1354,"2,538",-0.268,473,4,JERUSALEM
3000,ירושלים,1355,"2,842",0.092,684,5,JERUSALEM
3000,ירושלים,1621,136,-0.658,311,3,JERUSALEM
3000,ירושלים,1622,"6,663",0.142,719,5,JERUSALEM
3000,ירושלים,1623,"3,782",0.326,837,6,JERUSALEM
3000,ירושלים,1624,"3,857",0.122,701,5,JERUSALEM
3000,ירושלים,1625,"5,514",0.133,713,5,JERUSALEM
3000,ירושלים,1631,"3,314",-0.500,370,3,JERUSALEM
3000,ירושלים,1632,"5,940",0.156,731,6,JERUSALEM
3000,ירושלים,1633,"5,446",0.103,689,5,JERUSALEM
3000,ירושלים,1634,"4,979",0.521,963,7,JERUSALEM
3000,ירושלים,1641,"3,561",0.002,623,5,JERUSALEM
3000,ירושלים,1642,"3,003",0.198,756,6,JERUSALEM
3000,ירושלים,1643,"2,563",0.330,843,6,JERUSALEM
3000,ירושלים,1644,"1,825",1.050,1238,8,JERUSALEM
3000,ירושלים,2111,"23,620",-2.120,26,1,JERUSALEM
3000,ירושלים,2112,"38,046",-1.528,104,2,JERUSALEM
3000,ירושלים,2211,"21,808",-1.638,88,1,JERUSALEM
3000,ירושלים,2212,"19,478",-2.471,7,1,JERUSALEM
3000,ירושלים,2213,"8,240",-2.261,16,1,JERUSALEM
3000,ירושלים,2311,"16,066",-2.112,27,1,JERUSALEM
3000,ירושלים,2312,"25,422",-1.769,71,1,JERUSALEM
3000,ירושלים,2411,"15,535",-1.602,94,2,JERUSALEM
3000,ירושלים,2412,"4,064",-1.476,117,2,JERUSALEM
3000,ירושלים,2511,"26,072",-1.930,44,1,JERUSALEM
3000,ירושלים,2512,"2,959",-1.499,111,2,JERUSALEM
3000,ירושלים,2513,"2,264",-1.322,155,2,JERUSALEM
3000,ירושלים,2514,"4,261",-1.341,152,2,JERUSALEM
3000,ירושלים,2611,"19,536",-1.997,35,1,JERUSALEM
3000,ירושלים,2612,"13,055",-1.937,43,1,JERUSALEM
3000,ירושלים,2613,"25,892",-1.882,50,1,JERUSALEM
3000,ירושלים,2711,"22,294",-1.903,47,1,JERUSALEM
3000,ירושלים,2811,"16,239",-1.800,64,1,JERUSALEM
3000,ירושלים,2812,"3,671",-1.827,59,1,JERUSALEM
3000,ירושלים,2911,"12,490",-0.846,259,3,JERUSALEM
1224,כוכב יאיר,1,"2,302",2.355,1610,9,KOKHAV YA'IR
1224,כוכב יאיר,2,"1,445",2.289,1605,9,KOKHAV YA'IR
1224,כוכב יאיר,3,"2,164",1.563,1463,8,KOKHAV YA'IR
1224,כוכב יאיר,4,"3,143",1.493,1438,8,KOKHAV YA'IR
168,כפר יונה,1,"8,179",0.652,1035,7,KEFAR YONA
168,כפר יונה,2,"4,914",0.781,1099,7,KEFAR YONA
168,כפר יונה,3,"8,517",0.995,1209,8,KEFAR YONA
6900,כפר סבא,11,"3,333",0.695,1057,7,KEFAR SAVA
6900,כפר סבא,12,"4,893",0.179,746,6,KEFAR SAVA
6900,כפר סבא,13,"5,340",1.369,1387,8,KEFAR SAVA
6900,כפר סבא,15,"4,166",1.460,1424,8,KEFAR SAVA
6900,כפר סבא,16,"1,742",1.445,1417,8,KEFAR SAVA
6900,כפר סבא,21,"8,514",1.359,1382,8,KEFAR SAVA
6900,כפר סבא,22,"11,391",1.652,1493,9,KEFAR SAVA
6900,כפר סבא,31,"2,767",1.500,1444,8,KEFAR SAVA
6900,כפר סבא,32,"2,582",1.469,1431,8,KEFAR SAVA
6900,כפר סבא,33,"2,509",1.381,1391,8,KEFAR SAVA
6900,כפר סבא,34,"3,483",1.434,1414,8,KEFAR SAVA
6900,כפר סבא,35,"2,166",1.054,1241,8,KEFAR SAVA
6900,כפר סבא,36,"3,342",1.031,1231,8,KEFAR SAVA
6900,כפר סבא,37,"3,341",1.290,1351,8,KEFAR SAVA
6900,כפר סבא,41,"3,502",1.273,1340,8,KEFAR SAVA
6900,כפר סבא,42,"2,303",1.343,1377,8,KEFAR SAVA
6900,כפר סבא,43,"2,753",1.145,1284,8,KEFAR SAVA
6900,כפר סבא,44,"4,870",0.475,938,6,KEFAR SAVA
6900,כפר סבא,45,"2,673",1.318,1365,8,KEFAR SAVA
6900,כפר סבא,51,"4,604",0.967,1195,8,KEFAR SAVA
6900,כפר סבא,52,"3,099",0.983,1203,8,KEFAR SAVA
6900,כפר סבא,53,"3,380",1.437,1416,8,KEFAR SAVA
6900,כפר סבא,54,"3,259",0.959,1190,7,KEFAR SAVA
6900,כפר סבא,55,"3,209",1.036,1235,8,KEFAR SAVA
6900,כפר סבא,56,"3,287",1.063,1247,8,KEFAR SAVA
1139,כרמיאל,12,"3,412",-0.898,245,2,KARMI'EL
1139,כרמיאל,13,"3,932",-0.382,415,4,KARMI'EL
1139,כרמיאל,14,"3,462",-0.266,474,4,KARMI'EL
1139,כרמיאל,21,"2,640",0.128,709,5,KARMI'EL
1139,כרמיאל,22,"2,558",0.870,1154,7,KARMI'EL
1139,כרמיאל,23,"4,220",0.182,750,6,KARMI'EL
1139,כרמיאל,24,"4,720",0.297,819,6,KARMI'EL
1139,כרמיאל,31,"2,066",0.195,754,6,KARMI'EL
1139,כרמיאל,32,"3,411",1.388,1392,8,KARMI'EL
1139,כרמיאל,33,"5,080",0.351,859,6,KARMI'EL
1139,כרמיאל,34,"5,671",0.682,1051,7,KARMI'EL
1139,כרמיאל,35,"3,584",0.349,855,6,KARMI'EL
7000,לוד,12,"5,908",-1.833,57,1,LOD
7000,לוד,13,"6,985",-0.379,418,4,LOD
7000,לוד,14,"3,931",-1.133,185,2,LOD
7000,לוד,15,"4,162",-1.699,84,1,LOD
7000,לוד,21,"3,903",0.236,779,6,LOD
7000,לוד,22,"3,595",-0.168,521,5,LOD
7000,לוד,23,"4,566",0.119,700,5,LOD
7000,לוד,24,"2,992",0.347,854,6,LOD
7000,לוד,25,"3,052",0.095,686,5,LOD
7000,לוד,31,"2,315",-0.523,359,3,LOD
7000,לוד,32,"4,472",-0.385,414,4,LOD
7000,לוד,41,"2,847",-0.743,280,3,LOD
7000,לוד,42,"5,889",-0.688,298,3,LOD
7000,לוד,43,"1,728",-0.711,290,3,LOD
7000,לוד,44,"4,367",-1.996,36,1,LOD
7000,לוד,51,"3,456",0.422,905,6,LOD
7000,לוד,52,"2,801",0.097,687,5,LOD
7000,לוד,53,"3,312",0.227,774,6,LOD
7000,לוד,54,"2,237",0.222,772,6,LOD
1015,מבשרת ציון,1,"3,327",1.718,1508,9,MEVASSERET ZIYYON
1015,מבשרת ציון,2,"5,655",0.945,1182,7,MEVASSERET ZIYYON
1015,מבשרת ציון,3,"4,363",1.824,1541,9,MEVASSERET ZIYYON
1015,מבשרת ציון,4,"2,958",0.526,966,7,MEVASSERET ZIYYON
1015,מבשרת ציון,5,"4,429",0.841,1131,7,MEVASSERET ZIYYON
1015,מבשרת ציון,6,"3,563",0.658,1038,7,MEVASSERET ZIYYON
874,מגדל העמק,1,"3,931",-0.817,263,3,MIGDAL HAEMEQ
874,מגדל העמק,2,"3,251",-1.015,206,2,MIGDAL HAEMEQ
874,מגדל העמק,3,"3,946",-1.054,199,2,MIGDAL HAEMEQ
874,מגדל העמק,5,"3,091",-0.354,432,4,MIGDAL HAEMEQ
874,מגדל העמק,6,"5,508",0.360,865,6,MIGDAL HAEMEQ
874,מגדל העמק,7,"2,159",0.441,915,6,MIGDAL HAEMEQ
874,מגדל העמק,8,151,-0.014,609,5,MIGDAL HAEMEQ
874,מגדל העמק,9,"2,828",0.645,1033,7,MIGDAL HAEMEQ
1200,מודיעין-מכבים-רעות,11,"3,126",1.352,1379,8,MODI'IN-MAKKABBIM-RE'UT
1200,מודיעין-מכבים-רעות,12,"4,697",1.109,1267,8,MODI'IN-MAKKABBIM-RE'UT
1200,מודיעין-מכבים-רעות,13,"4,980",1.036,1234,8,MODI'IN-MAKKABBIM-RE'UT
1200,מודיעין-מכבים-רעות,15,"6,357",1.200,1311,8,MODI'IN-MAKKABBIM-RE'UT
1200,מודיעין-מכבים-רעות,16,"3,546",1.118,1271,8,MODI'IN-MAKKABBIM-RE'UT
1200,מודיעין-מכבים-רעות,17,"4,075",1.275,1343,8,MODI'IN-MAKKABBIM-RE'UT
1200,מודיעין-מכבים-רעות,21,"10,262",1.137,1277,8,MODI'IN-MAKKABBIM-RE'UT
1200,מודיעין-מכבים-רעות,22,"6,689",1.250,1331,8,MODI'IN-MAKKABBIM-RE'UT
1200,מודיעין-מכבים-רעות,23,"5,297",1.203,1313,8,MODI'IN-MAKKABBIM-RE'UT
1200,מודיעין-מכבים-רעות,24,"6,716",1.216,1318,8,MODI'IN-MAKKABBIM-RE'UT
1200,מודיעין-מכבים-רעות,25,"4,798",1.291,1352,8,MODI'IN-MAKKABBIM-RE'UT
1200,מודיעין-מכבים-רעות,26,"4,926",1.129,1274,8,MODI'IN-MAKKABBIM-RE'UT
1200,מודיעין-מכבים-רעות,33,"6,064",1.392,1396,8,MODI'IN-MAKKABBIM-RE'UT
1200,מודיעין-מכבים-רעות,34,"8,494",1.278,1346,8,MODI'IN-MAKKABBIM-RE'UT
1200,מודיעין-מכבים-רעות,41,"3,088",2.377,1611,9,MODI'IN-MAKKABBIM-RE'UT
1200,מודיעין-מכבים-רעות,42,"3,059",2.393,1612,9,MODI'IN-MAKKABBIM-RE'UT
1200,מודיעין-מכבים-רעות,43,"2,553",2.466,1616,9,MODI'IN-MAKKABBIM-RE'UT
3797,מודיעין עילית,2,"10,790",-1.719,79,1,MODI'IN ILLIT
3797,מודיעין עילית,3,"3,889",-2.498,5,1,MODI'IN ILLIT
3797,מודיעין עילית,4,"7,497",-2.357,10,1,MODI'IN ILLIT
3797,מודיעין עילית,5,"4,509",-1.823,60,1,MODI'IN ILLIT
3797,מודיעין עילית,6,"3,771",-1.989,37,1,MODI'IN ILLIT
3797,מודיעין עילית,7,"10,647",-2.083,31,1,MODI'IN ILLIT
3797,מודיעין עילית,8,"7,909",-2.244,19,1,MODI'IN ILLIT
3797,מודיעין עילית,9,"11,458",-2.243,20,1,MODI'IN ILLIT
3797,מודיעין עילית,10,"3,711",-2.258,18,1,MODI'IN ILLIT
3616,מעלה אדומים,1,208,-0.003,618,5,MA'ALE ADUMMIM
3616,מעלה אדומים,2,"4,098",0.337,848,6,MA'ALE ADUMMIM
3616,מעלה אדומים,3,"6,481",0.389,880,6,MA'ALE ADUMMIM
3616,מעלה אדומים,4,"3,591",0.363,867,6,MA'ALE ADUMMIM
3616,מעלה אדומים,5,"4,071",-0.089,559,5,MA'ALE ADUMMIM
3616,מעלה אדומים,6,"2,263",-0.151,531,5,MA'ALE ADUMMIM
3616,מעלה אדומים,7,"3,862",0.330,844,6,MA'ALE ADUMMIM
3616,מעלה אדומים,8,"4,783",0.661,1039,7,MA'ALE ADUMMIM
3616,מעלה אדומים,9,"4,475",0.383,876,6,MA'ALE ADUMMIM
3616,מעלה אדומים,10,"3,591",0.563,983,7,MA'ALE ADUMMIM
1063,מעלות-תרשיחא,1,"4,273",0.575,991,7,MA'ALOT-TARSHIHA
1063,מעלות-תרשיחא,3,"4,122",0.126,707,5,MA'ALOT-TARSHIHA
1063,מעלות-תרשיחא,4,"4,734",0.295,817,6,MA'ALOT-TARSHIHA
1063,מעלות-תרשיחא,5,"4,533",-0.924,234,2,MA'ALOT-TARSHIHA
1063,מעלות-תרשיחא,6,"3,518",-0.001,620,5,MA'ALOT-TARSHIHA
9100,נהרייה,13,"5,413",0.397,887,6,NAHARIYYA
9100,נהרייה,14,"2,909",-0.670,305,3,NAHARIYYA
9100,נהרייה,21,"4,792",-0.528,357,3,NAHARIYYA
9100,נהרייה,22,"1,763",-0.966,217,2,NAHARIYYA
9100,נהרייה,23,"5,740",0.434,910,6,NAHARIYYA
9100,נהרייה,24,"3,319",-0.027,602,5,NAHARIYYA
9100,נהרייה,31,"4,280",0.736,1075,7,NAHARIYYA
9100,נהרייה,32,"4,412",0.570,987,7,NAHARIYYA
9100,נהרייה,33,"3,220",0.536,971,7,NAHARIYYA
9100,נהרייה,34,"3,006",0.400,890,6,NAHARIYYA
9100,נהרייה,41,"5,362",0.714,1067,7,NAHARIYYA
9100,נהרייה,42,"6,644",1.159,1292,8,NAHARIYYA
9100,נהרייה,43,"3,412",0.644,1031,7,NAHARIYYA
7200,נס ציונה,1,"3,859",0.469,937,6,NES ZIYYONA
7200,נס ציונה,2,"5,754",1.494,1439,8,NES ZIYYONA
7200,נס ציונה,3,"3,295",0.576,993,7,NES ZIYYONA
7200,נס ציונה,4,"4,322",0.764,1089,7,NES ZIYYONA
7200,נס ציונה,5,"3,764",1.910,1555,9,NES ZIYYONA
7200,נס ציונה,6,"7,846",1.930,1559,9,NES ZIYYONA
7200,נס ציונה,7,"5,980",1.058,1243,8,NES ZIYYONA
7200,נס ציונה,8,"6,078",1.143,1282,8,NES ZIYYONA
7200,נס ציונה,11,"5,632",1.560,1460,8,NES ZIYYONA
7300,נצרת,11,"2,239",0.351,857,6,NAZARETH
7300,נצרת,12,"6,167",-0.816,265,3,NAZARETH
7300,נצרת,13,"5,442",-0.695,295,3,NAZARETH
7300,נצרת,14,"1,247",-0.638,317,3,NAZARETH
7300,נצרת,15,"5,844",-0.451,394,3,NAZARETH
7300,נצרת,21,"2,216",-0.799,270,3,NAZARETH
7300,נצרת,22,"3,564",-0.512,363,3,NAZARETH
7300,נצרת,23,"3,230",-0.028,598,5,NAZARETH
7300,נצרת,31,"3,367",-0.853,256,3,NAZARETH
7300,נצרת,32,"8,071",-0.731,283,3,NAZARETH
7300,נצרת,33,"3,579",-0.940,228,2,NAZARETH
7300,נצרת,34,"5,353",-0.770,273,3,NAZARETH
7300,נצרת,35,"8,156",-0.062,571,5,NAZARETH
7300,נצרת,41,"5,191",-0.371,422,4,NAZARETH
7300,נצרת,42,"4,787",-1.074,197,2,NAZARETH
7300,נצרת,43,"3,005",-1.072,198,2,NAZARETH
7300,נצרת,44,"1,987",-1.136,184,2,NAZARETH
7300,נצרת,45,"2,259",-0.049,579,5,NAZARETH
1061,נצרת עילית,11,"6,407",0.516,959,7,NAZERAT ILLIT
1061,נצרת עילית,12,"2,691",0.302,821,6,NAZERAT ILLIT
1061,נצרת עילית,21,"3,346",0.070,665,5,NAZERAT ILLIT
1061,נצרת עילית,22,"3,094",-0.766,274,3,NAZERAT ILLIT
1061,נצרת עילית,23,"2,297",-0.864,255,2,NAZERAT ILLIT
1061,נצרת עילית,24,"2,561",-0.045,582,5,NAZERAT ILLIT
1061,נצרת עילית,31,"2,687",0.340,849,6,NAZERAT ILLIT
1061,נצרת עילית,32,"2,122",0.996,1210,8,NAZERAT ILLIT
1061,נצרת עילית,33,"2,625",-0.481,380,3,NAZERAT ILLIT
1061,נצרת עילית,34,"2,879",-0.439,398,3,NAZERAT ILLIT
1061,נצרת עילית,41,"2,956",-0.547,350,3,NAZERAT ILLIT
1061,נצרת עילית,42,"1,635",-0.229,492,4,NAZERAT ILLIT
1061,נצרת עילית,43,"4,739",0.230,777,6,NAZERAT ILLIT
2500,נשר,2,"3,066",-0.613,327,3,NESHER
2500,נשר,3,"2,997",-0.028,599,5,NESHER
2500,נשר,4,"3,103",0.955,1185,7,NESHER
2500,נשר,5,"3,763",0.958,1188,7,NESHER
2500,נשר,6,"3,529",0.455,928,6,NESHER
2500,נשר,7,"6,957",1.461,1426,8,NESHER
246,נתיבות,1,"2,093",-1.086,196,2,NETIVOT
246,נתיבות,2,"5,441",-1.088,194,2,NETIVOT
246,נתיבות,4,"3,585",-0.297,455,4,NETIVOT
246,נתיבות,5,"4,973",-1.312,156,2,NETIVOT
246,נתיבות,6,"5,591",-0.303,453,4,NETIVOT
246,נתיבות,7,"6,516",-0.744,279,3,NETIVOT
246,נתיבות,8,"3,020",-0.177,516,5,NETIVOT
7400,נתניה,111,779,1.079,1255,8,NETANYA
7400,נתניה,112,"3,049",0.125,705,5,NETANYA
7400,נתניה,113,"5,077",-0.588,336,3,NETANYA
7400,נתניה,114,"8,667",0.389,879,6,NETANYA
7400,נתניה,115,"9,993",1.311,1360,8,NETANYA
7400,נתניה,116,"4,906",1.106,1265,8,NETANYA
7400,נתניה,117,"6,343",0.751,1083,7,NETANYA
7400,נתניה,122,700,1.288,1350,8,NETANYA
7400,נתניה,211,"4,177",-0.682,300,3,NETANYA
7400,נתניה,212,"3,419",-0.178,514,5,NETANYA
7400,נתניה,213,"2,908",0.091,681,5,NETANYA
7400,נתניה,221,"4,610",0.039,644,5,NETANYA
7400,נתניה,222,"2,234",0.067,662,5,NETANYA
7400,נתניה,223,"3,437",-1.333,154,2,NETANYA
7400,נתניה,231,"5,065",0.054,652,5,NETANYA
7400,נתניה,232,"3,728",-0.035,589,5,NETANYA
7400,נתניה,233,"3,217",-0.073,566,5,NETANYA
7400,נתניה,241,"4,763",0.217,764,6,NETANYA
7400,נתניה,242,"2,964",0.409,899,6,NETANYA
7400,נתניה,243,"3,214",0.051,651,5,NETANYA
7400,נתניה,311,"2,919",-0.606,330,3,NETANYA
7400,נתניה,312,"2,231",-0.582,338,3,NETANYA
7400,נתניה,313,"2,893",-0.392,410,4,NETANYA
7400,נתניה,321,"3,391",-0.105,552,5,NETANYA
7400,נתניה,322,"5,612",-0.341,434,4,NETANYA
7400,נתניה,323,"3,507",-0.019,607,5,NETANYA
7400,נתניה,324,"2,130",-0.411,402,4,NETANYA
7400,נתניה,331,"2,409",-0.130,543,5,NETANYA
7400,נתניה,332,"2,377",-0.292,457,4,NETANYA
7400,נתניה,333,"3,418",-0.174,519,5,NETANYA
7400,נתניה,334,"2,970",0.123,704,5,NETANYA
7400,נתניה,341,"4,277",0.313,829,6,NETANYA
7400,נתניה,342,"2,997",0.476,939,6,NETANYA
7400,נתניה,343,"2,787",-0.107,551,5,NETANYA
7400,נתניה,351,"5,472",-0.001,621,5,NETANYA
7400,נתניה,352,"9,344",-0.226,495,4,NETANYA
7400,נתניה,353,"1,052",0.242,781,6,NETANYA
7400,נתניה,354,"2,211",0.600,1010,7,NETANYA
7400,נתניה,355,"1,317",0.266,801,6,NETANYA
7400,נתניה,411,"1,773",0.827,1122,7,NETANYA
7400,נתניה,412,"1,396",0.865,1149,7,NETANYA
7400,נתניה,413,"3,676",0.860,1142,7,NETANYA
7400,נתניה,414,"2,357",1.055,1242,8,NETANYA
7400,נתניה,421,"3,849",-0.271,471,4,NETANYA
7400,נתניה,422,"4,962",-0.599,331,3,NETANYA
7400,נתניה,431,"5,220",-0.662,308,3,NETANYA
7400,נתניה,432,"1,723",-0.170,520,5,NETANYA
7400,נתניה,511,"3,590",-0.022,605,5,NETANYA
7400,נתניה,512,"1,740",-0.481,379,3,NETANYA
7400,נתניה,513,"3,146",0.275,805,6,NETANYA
7400,נתניה,521,"3,931",-0.287,461,4,NETANYA
7400,נתניה,522,"3,328",-0.511,365,3,NETANYA
7400,נתניה,523,"4,177",0.877,1159,7,NETANYA
7400,נתניה,531,"4,641",1.496,1440,8,NETANYA
7400,נתניה,532,"4,046",1.460,1425,8,NETANYA
7400,נתניה,533,"4,246",1.320,1366,8,NETANYA
7400,נתניה,534,"2,361",1.687,1502,9,NETANYA
7600,עכו,11,"2,157",-0.056,575,5,AKKO
7600,עכו,12,"3,890",-0.152,530,5,AKKO
7600,עכו,13,"5,749",-0.153,529,5,AKKO
7600,עכו,14,"3,332",-0.075,565,5,AKKO
7600,עכו,15,"1,938",0.251,793,6,AKKO
7600,עכו,21,"2,997",-0.596,332,3,AKKO
7600,עכו,22,"2,023",0.825,1120,7,AKKO
7600,עכו,23,"3,425",-0.163,525,5,AKKO
7600,עכו,24,"2,860",-1.260,168,2,AKKO
7600,עכו,25,"1,562",-0.736,281,3,AKKO
7600,עכו,26,"2,619",-1.367,145,2,AKKO
7600,עכו,31,"2,952",0.033,641,5,AKKO
7600,עכו,32,"6,249",-0.367,424,4,AKKO
7600,עכו,33,"3,489",-1.474,118,2,AKKO
7600,עכו,34,899,-0.676,302,3,AKKO
7600,עכו,35,"1,286",-0.337,437,4,AKKO
7700,עפולה,11,"3,216",-0.274,468,4,AFULA
7700,עפולה,12,"2,037",0.107,692,5,AFULA
7700,עפולה,13,"3,393",-0.876,251,2,AFULA
7700,עפולה,15,"4,057",-0.973,215,2,AFULA
7700,עפולה,16,"3,899",-0.574,339,3,AFULA
7700,עפולה,18,"1,681",0.715,1068,7,AFULA
7700,עפולה,21,"7,333",0.451,923,6,AFULA
7700,עפולה,23,"5,759",0.031,640,5,AFULA
7700,עפולה,24,"3,903",-0.269,472,4,AFULA
7700,עפולה,25,"4,737",0.125,706,5,AFULA
7700,עפולה,26,"4,668",0.584,998,7,AFULA
2560,ערד,1,"4,812",-0.719,287,3,ARAD
2560,ערד,2,"3,993",-0.953,224,2,ARAD
2560,ערד,3,"5,424",-0.729,284,3,ARAD
2560,ערד,5,"5,000",-0.092,558,5,ARAD
2560,ערד,6,"5,075",0.341,850,6,ARAD
7800,פרדס חנה-כרכור,1,"3,807",1.432,1411,8,PARDES HANNA-KARKUR
7800,פרדס חנה-כרכור,2,"4,020",1.090,1260,8,PARDES HANNA-KARKUR
7800,פרדס חנה-כרכור,3,"4,827",1.158,1291,8,PARDES HANNA-KARKUR
7800,פרדס חנה-כרכור,4,"1,526",1.133,1275,8,PARDES HANNA-KARKUR
7800,פרדס חנה-כרכור,5,"3,352",0.577,995,7,PARDES HANNA-KARKUR
7800,פרדס חנה-כרכור,6,"2,939",0.598,1009,7,PARDES HANNA-KARKUR
7800,פרדס חנה-כרכור,7,"3,123",0.531,969,7,PARDES HANNA-KARKUR
7800,פרדס חנה-כרכור,8,"5,010",0.231,778,6,PARDES HANNA-KARKUR
7800,פרדס חנה-כרכור,9,"5,513",0.089,680,5,PARDES HANNA-KARKUR
7800,פרדס חנה-כרכור,10,"3,306",0.524,965,7,PARDES HANNA-KARKUR
7900,פתח תקווה,111,"1,515",1.362,1383,8,PETAH TIQWA
7900,פתח תקווה,112,"4,301",0.346,852,6,PETAH TIQWA
7900,פתח תקווה,113,"6,149",1.106,1266,8,PETAH TIQWA
7900,פתח תקווה,114,"3,539",0.067,663,5,PETAH TIQWA
7900,פתח תקווה,115,"11,449",1.239,1329,8,PETAH TIQWA
7900,פתח תקווה,121,"7,407",1.510,1447,8,PETAH TIQWA
7900,פתח תקווה,122,"5,021",1.329,1370,8,PETAH TIQWA
7900,פתח תקווה,123,"3,705",1.451,1419,8,PETAH TIQWA
7900,פתח תקווה,127,"2,152",0.567,984,7,PETAH TIQWA
7900,פתח תקווה,128,214,1.390,1393,8,PETAH TIQWA
7900,פתח תקווה,129,"9,197",1.641,1487,9,PETAH TIQWA
7900,פתח תקווה,131,"4,680",1.898,1553,9,PETAH TIQWA
7900,פתח תקווה,132,542,0.291,813,6,PETAH TIQWA
7900,פתח תקווה,133,"2,226",0.782,1100,7,PETAH TIQWA
7900,פתח תקווה,134,"1,728",0.003,625,5,PETAH TIQWA
7900,פתח תקווה,141,"1,527",0.249,789,6,PETAH TIQWA
7900,פתח תקווה,142,"1,334",0.194,753,6,PETAH TIQWA
7900,פתח תקווה,143,"2,840",0.623,1021,7,PETAH TIQWA
7900,פתח תקווה,144,"2,232",0.170,739,6,PETAH TIQWA
7900,פתח תקווה,145,"3,383",0.148,725,5,PETAH TIQWA
7900,פתח תקווה,146,"1,412",0.001,622,5,PETAH TIQWA
7900,פתח תקווה,211,"6,783",1.659,1496,9,PETAH TIQWA
7900,פתח תקווה,212,"5,905",1.466,1428,8,PETAH TIQWA
7900,פתח תקווה,213,"1,319",1.867,1547,9,PETAH TIQWA
7900,פתח תקווה,214,"5,532",1.659,1497,9,PETAH TIQWA
7900,פתח תקווה,221,"3,147",1.255,1334,8,PETAH TIQWA
7900,פתח תקווה,222,"2,535",0.938,1180,7,PETAH TIQWA
7900,פתח תקווה,223,"3,441",1.197,1310,8,PETAH TIQWA
7900,פתח תקווה,224,"3,253",0.843,1133,7,PETAH TIQWA
7900,פתח תקווה,231,"6,233",0.597,1008,7,PETAH TIQWA
7900,פתח תקווה,232,"3,052",0.444,920,6,PETAH TIQWA
7900,פתח תקווה,233,"3,107",0.736,1076,7,PETAH TIQWA
7900,פתח תקווה,234,"3,198",0.122,702,5,PETAH TIQWA
7900,פתח תקווה,235,"2,595",0.307,826,6,PETAH TIQWA
7900,פתח תקווה,236,"3,930",-0.224,496,4,PETAH TIQWA
7900,פתח תקווה,311,"4,977",-0.157,527,5,PETAH TIQWA
7900,פתח תקווה,312,"4,639",-0.007,613,5,PETAH TIQWA
7900,פתח תקווה,313,"3,756",-0.003,617,5,PETAH TIQWA
7900,פתח תקווה,321,"4,459",0.520,962,7,PETAH TIQWA
7900,פתח תקווה,322,"2,506",0.218,767,6,PETAH TIQWA
7900,פתח תקווה,323,"2,998",0.438,911,6,PETAH TIQWA
7900,פתח תקווה,324,"3,097",0.725,1072,7,PETAH TIQWA
7900,פתח תקווה,411,"1,551",0.959,1191,7,PETAH TIQWA
7900,פתח תקווה,412,"2,556",0.049,649,5,PETAH TIQWA
7900,פתח תקווה,413,"2,082",0.407,895,6,PETAH TIQWA
7900,פתח תקווה,414,"3,802",0.150,726,5,PETAH TIQWA
7900,פתח תקווה,415,"2,436",-0.039,586,5,PETAH TIQWA
7900,פתח תקווה,421,"3,147",0.129,710,5,PETAH TIQWA
7900,פתח תקווה,422,"2,734",1.014,1221,8,PETAH TIQWA
7900,פתח תקווה,423,"5,265",0.498,950,6,PETAH TIQWA
7900,פתח תקווה,424,"4,359",0.646,1034,7,PETAH TIQWA
7900,פתח תקווה,431,"2,462",0.318,831,6,PETAH TIQWA
7900,פתח תקווה,432,"2,844",0.117,698,5,PETAH TIQWA
7900,פתח תקווה,433,"3,971",0.609,1015,7,PETAH TIQWA
7900,פתח תקווה,434,"1,607",0.043,645,5,PETAH TIQWA
7900,פתח תקווה,511,"1,707",0.181,748,6,PETAH TIQWA
7900,פתח תקווה,512,"3,166",-0.145,535,5,PETAH TIQWA
7900,פתח תקווה,513,"3,496",-0.468,384,3,PETAH TIQWA
7900,פתח תקווה,514,792,0.574,990,7,PETAH TIQWA
7900,פתח תקווה,515,"1,762",-0.263,478,4,PETAH TIQWA
7900,פתח תקווה,516,"1,145",1.299,1354,8,PETAH TIQWA
7900,פתח תקווה,521,"4,847",0.516,960,7,PETAH TIQWA
7900,פתח תקווה,522,"5,619",0.242,782,6,PETAH TIQWA
7900,פתח תקווה,523,"6,581",-0.719,286,3,PETAH TIQWA
7900,פתח תקווה,524,"4,891",-0.353,433,4,PETAH TIQWA
8000,צפת,1,"3,617",-0.165,523,5,ZEFAT
8000,צפת,2,"5,203",-1.382,141,2,ZEFAT
8000,צפת,3,655,-1.251,169,2,ZEFAT
8000,צפת,4,"3,694",-1.238,170,2,ZEFAT
8000,צפת,5,"3,804",-1.499,110,2,ZEFAT
8000,צפת,6,"5,239",-2.331,11,1,ZEFAT
8000,צפת,7,"4,701",-1.441,125,2,ZEFAT
8000,צפת,8,"4,476",-0.121,548,5,ZEFAT
8000,צפת,10,"1,478",0.306,825,6,ZEFAT
8000,צפת,11,463,-0.221,497,4,ZEFAT
195,קדימה-צורן,1,"5,894",1.314,1361,8,QADIMA-ZORAN
195,קדימה-צורן,2,"2,313",1.701,1505,9,QADIMA-ZORAN
195,קדימה-צורן,3,"3,464",1.539,1453,8,QADIMA-ZORAN
195,קדימה-צורן,4,"5,924",1.051,1239,8,QADIMA-ZORAN
195,קדימה-צורן,5,"2,814",0.489,944,6,QADIMA-ZORAN
2620,קריית אונו,1,"5,583",1.628,1484,9,QIRYAT ONO
2620,קריית אונו,2,"4,256",1.856,1546,9,QIRYAT ONO
2620,קריית אונו,3,"7,921",1.609,1478,8,QIRYAT ONO
2620,קריית אונו,4,"4,065",1.008,1216,8,QIRYAT ONO
2620,קריית אונו,5,"3,830",1.078,1254,8,QIRYAT ONO
2620,קריית אונו,6,"4,652",1.191,1306,8,QIRYAT ONO
2620,קריית אונו,7,"1,277",0.460,932,6,QIRYAT ONO
2620,קריית אונו,8,"6,130",2.220,1601,9,QIRYAT ONO
6800,קריית אתא,11,"6,488",1.414,1406,8,QIRYAT ATTA
6800,קריית אתא,12,"3,863",-0.655,314,3,QIRYAT ATTA
6800,קריית אתא,13,"4,268",-0.311,446,4,QIRYAT ATTA
6800,קריית אתא,14,"4,267",-0.509,366,3,QIRYAT ATTA
6800,קריית אתא,21,"6,170",0.248,788,6,QIRYAT ATTA
6800,קריית אתא,22,"4,938",0.321,834,6,QIRYAT ATTA
6800,קריית אתא,23,"4,751",-0.084,562,5,QIRYAT ATTA
6800,קריית אתא,24,"5,613",0.132,712,5,QIRYAT ATTA
6800,קריית אתא,25,"7,446",0.571,989,7,QIRYAT ATTA
6800,קריית אתא,31,"4,126",0.285,811,6,QIRYAT ATTA
6800,קריית אתא,32,"3,311",-0.070,568,5,QIRYAT ATTA
9500,קריית ביאליק,2,"5,343",-0.660,309,3,QIRYAT BIALIK
9500,קריית ביאליק,3,"3,666",0.461,933,6,QIRYAT BIALIK
9500,קריית ביאליק,4,"2,391",1.464,1427,8,QIRYAT BIALIK
9500,קריית ביאליק,5,"4,541",0.312,828,6,QIRYAT BIALIK
9500,קריית ביאליק,6,"2,069",0.605,1012,7,QIRYAT BIALIK
9500,קריית ביאליק,7,"3,365",0.642,1029,7,QIRYAT BIALIK
9500,קריית ביאליק,8,"3,461",1.527,1450,8,QIRYAT BIALIK
9500,קריית ביאליק,9,"4,597",0.847,1136,7,QIRYAT BIALIK
9500,קריית ביאליק,10,"3,847",0.697,1058,7,QIRYAT BIALIK
9500,קריית ביאליק,11,"5,734",0.264,799,6,QIRYAT BIALIK
2630,קריית גת,12,"3,549",-0.186,509,5,QIRYAT GAT
2630,קריית גת,13,606,-0.984,212,2,QIRYAT GAT
2630,קריית גת,14,"3,821",-0.182,512,5,QIRYAT GAT
2630,קריית גת,15,"3,713",-0.817,264,3,QIRYAT GAT
2630,קריית גת,21,"2,216",-0.309,448,4,QIRYAT GAT
2630,קריית גת,22,"3,258",-1.116,189,2,QIRYAT GAT
2630,קריית גת,23,"2,302",-0.263,477,4,QIRYAT GAT
2630,קריית גת,24,"5,300",-0.095,557,5,QIRYAT GAT
2630,קריית גת,25,"3,061",-0.546,351,3,QIRYAT GAT
2630,קריית גת,26,"1,748",0.176,742,6,QIRYAT GAT
2630,קריית גת,31,"1,092",0.689,1055,7,QIRYAT GAT
2630,קריית גת,32,"5,029",-0.558,345,3,QIRYAT GAT
2630,קריית גת,33,"3,115",-1.423,128,2,QIRYAT GAT
2630,קריית גת,34,"3,971",-0.176,518,5,QIRYAT GAT
2630,קריית גת,35,"2,312",-0.005,616,5,QIRYAT GAT
2630,קריית גת,36,"3,600",-0.072,567,5,QIRYAT GAT
2630,קריית גת,37,"2,555",0.217,765,6,QIRYAT GAT
2300,קריית טבעון,1,"5,998",1.028,1230,8,QIRYAT TIV'ON
2300,קריית טבעון,2,"3,647",1.550,1458,8,QIRYAT TIV'ON
2300,קריית טבעון,3,"4,814",1.342,1376,8,QIRYAT TIV'ON
2300,קריית טבעון,4,"3,148",1.274,1341,8,QIRYAT TIV'ON
9600,קריית ים,11,"4,568",1.127,1273,8,QIRYAT YAM
9600,קריית ים,12,"3,949",0.345,851,6,QIRYAT YAM
9600,קריית ים,13,"3,231",-0.709,291,3,QIRYAT YAM
9600,קריית ים,14,"4,006",0.537,972,7,QIRYAT YAM
9600,קריית ים,21,"1,354",-0.521,360,3,QIRYAT YAM
9600,קריית ים,22,"2,069",-0.879,249,2,QIRYAT YAM
9600,קריית ים,23,"1,810",-0.288,460,4,QIRYAT YAM
9600,קריית ים,24,"1,730",-0.850,258,3,QIRYAT YAM
9600,קריית ים,25,"2,130",-1.375,144,2,QIRYAT YAM
9600,קריית ים,31,"3,359",-0.466,386,3,QIRYAT YAM
9600,קריית ים,32,"3,330",-0.365,425,4,QIRYAT YAM
9600,קריית ים,33,"2,849",0.019,633,5,QIRYAT YAM
9600,קריית ים,34,"4,750",0.418,902,6,QIRYAT YAM
8200,קריית מוצקין,11,"6,085",1.248,1330,8,QIRYAT MOTZKIN
8200,קריית מוצקין,12,"4,377",0.594,1005,7,QIRYAT MOTZKIN
8200,קריית מוצקין,13,"3,377",0.304,823,6,QIRYAT MOTZKIN
8200,קריית מוצקין,14,"3,361",0.662,1040,7,QIRYAT MOTZKIN
8200,קריית מוצקין,21,"4,373",0.494,947,6,QIRYAT MOTZKIN
8200,קריית מוצקין,22,"5,201",-0.138,539,5,QIRYAT MOTZKIN
8200,קריית מוצקין,23,"2,086",0.071,667,5,QIRYAT MOTZKIN
8200,קריית מוצקין,31,"1,948",0.932,1179,7,QIRYAT MOTZKIN
8200,קריית מוצקין,32,"2,081",0.581,996,7,QIRYAT MOTZKIN
8200,קריית מוצקין,33,"3,204",0.429,908,6,QIRYAT MOTZKIN
8200,קריית מוצקין,34,"4,069",0.814,1113,7,QIRYAT MOTZKIN
1034,קריית מלאכי,2,"4,371",-0.104,553,5,QIRYAT MAL'AKHI
1034,קריית מלאכי,3,"2,735",-0.962,219,2,QIRYAT MAL'AKHI
1034,קריית מלאכי,4,"2,280",-0.340,435,4,QIRYAT MAL'AKHI
1034,קריית מלאכי,5,"4,014",-0.123,546,5,QIRYAT MAL'AKHI
1034,קריית מלאכי,6,"4,963",-0.945,227,2,QIRYAT MAL'AKHI
1034,קריית מלאכי,7,"2,402",-0.962,220,2,QIRYAT MAL'AKHI
1034,קריית מלאכי,8,584,-0.868,254,2,QIRYAT MAL'AKHI
469,קריית עקרון,2,"4,619",0.454,926,6,QIRYAT EQRON
469,קריית עקרון,3,"3,308",0.074,671,5,QIRYAT EQRON
469,קריית עקרון,4,"2,791",-0.177,515,5,QIRYAT EQRON
2800,קריית שמונה,2,"4,389",0.320,832,6,QIRYAT SHEMONA
2800,קריית שמונה,3,"3,277",-0.143,536,5,QIRYAT SHEMONA
2800,קריית שמונה,4,"4,351",-0.132,542,5,QIRYAT SHEMONA
2800,קריית שמונה,5,"2,314",-0.100,554,5,QIRYAT SHEMONA
2800,קריית שמונה,6,"2,805",0.171,741,6,QIRYAT SHEMONA
2800,קריית שמונה,7,421,0.208,760,6,QIRYAT SHEMONA
2800,קריית שמונה,8,"3,652",-0.078,564,5,QIRYAT SHEMONA
2800,קריית שמונה,10,"1,846",-0.026,603,5,QIRYAT SHEMONA
2640,ראש העין,2,"5,955",0.046,647,5,ROSH HAAYIN
2640,ראש העין,3,"4,316",-0.045,584,5,ROSH HAAYIN
2640,ראש העין,4,"5,063",-0.088,560,5,ROSH HAAYIN
2640,ראש העין,5,"3,762",0.160,732,6,ROSH HAAYIN
2640,ראש העין,6,"3,501",-0.032,591,5,ROSH HAAYIN
2640,ראש העין,7,"4,395",0.497,949,6,ROSH HAAYIN
2640,ראש העין,8,"3,213",1.799,1536,9,ROSH HAAYIN
2640,ראש העין,9,"3,032",1.277,1344,8,ROSH HAAYIN
2640,ראש העין,11,"3,548",1.215,1317,8,ROSH HAAYIN
2640,ראש העין,12,"2,104",2.086,1589,9,ROSH HAAYIN
2640,ראש העין,13,"3,680",1.578,1470,8,ROSH HAAYIN
8300,ראשון לציון,113,"3,269",1.192,1307,8,RISHON LEZIYYON
8300,ראשון לציון,114,"4,703",0.619,1018,7,RISHON LEZIYYON
8300,ראשון לציון,115,"4,601",0.401,891,6,RISHON LEZIYYON
8300,ראשון לציון,116,"4,242",0.229,775,6,RISHON LEZIYYON
8300,ראשון לציון,117,"4,357",0.214,763,6,RISHON LEZIYYON
8300,ראשון לציון,121,"4,103",0.446,921,6,RISHON LEZIYYON
8300,ראשון לציון,122,"3,263",0.388,878,6,RISHON LEZIYYON
8300,ראשון לציון,123,"2,961",0.395,886,6,RISHON LEZIYYON
8300,ראשון לציון,124,"2,517",0.709,1064,7,RISHON LEZIYYON
8300,ראשון לציון,125,"5,777",0.702,1062,7,RISHON LEZIYYON
8300,ראשון לציון,126,"7,688",0.834,1127,7,RISHON LEZIYYON
8300,ראשון לציון,211,"4,398",0.554,979,7,RISHON LEZIYYON
8300,ראשון לציון,212,"6,300",0.351,858,6,RISHON LEZIYYON
8300,ראשון לציון,213,"4,633",0.307,827,6,RISHON LEZIYYON
8300,ראשון לציון,214,"5,240",1.364,1384,8,RISHON LEZIYYON
8300,ראשון לציון,215,"4,896",1.469,1432,8,RISHON LEZIYYON
8300,ראשון לציון,221,"5,210",0.753,1084,7,RISHON LEZIYYON
8300,ראשון לציון,222,"2,882",0.773,1092,7,RISHON LEZIYYON
8300,ראשון לציון,223,"3,966",1.251,1332,8,RISHON LEZIYYON
8300,ראשון לציון,224,"2,539",0.798,1105,7,RISHON LEZIYYON
8300,ראשון לציון,225,"3,319",0.781,1098,7,RISHON LEZIYYON
8300,ראשון לציון,311,"7,034",1.032,1232,8,RISHON LEZIYYON
8300,ראשון לציון,312,"3,587",0.776,1095,7,RISHON LEZIYYON
8300,ראשון לציון,313,"5,058",0.874,1156,7,RISHON LEZIYYON
8300,ראשון לציון,314,"4,195",0.514,957,7,RISHON LEZIYYON
8300,ראשון לציון,315,"3,402",0.402,892,6,RISHON LEZIYYON
8300,ראשון לציון,411,"1,364",1.768,1529,9,RISHON LEZIYYON
8300,ראשון לציון,412,"5,373",1.396,1399,8,RISHON LEZIYYON
8300,ראשון לציון,413,"4,472",0.721,1070,7,RISHON LEZIYYON
8300,ראשון לציון,421,"4,155",0.818,1116,7,RISHON LEZIYYON
8300,ראשון לציון,422,"3,586",0.786,1102,7,RISHON LEZIYYON
8300,ראשון לציון,423,"3,814",1.105,1264,8,RISHON LEZIYYON
8300,ראשון לציון,424,"3,607",1.329,1369,8,RISHON LEZIYYON
8300,ראשון לציון,425,"2,996",0.701,1061,7,RISHON LEZIYYON
8300,ראשון לציון,426,"4,490",0.829,1123,7,RISHON LEZIYYON
8300,ראשון לציון,511,"5,309",-0.875,252,2,RISHON LEZIYYON
8300,ראשון לציון,512,"3,660",-0.306,452,4,RISHON LEZIYYON
8300,ראשון לציון,513,"3,043",-0.493,374,3,RISHON LEZIYYON
8300,ראשון לציון,514,"3,993",1.394,1398,8,RISHON LEZIYYON
8300,ראשון לציון,515,"2,555",1.214,1315,8,RISHON LEZIYYON
8300,ראשון לציון,516,"5,310",1.318,1364,8,RISHON LEZIYYON
8300,ראשון לציון,521,"4,438",1.084,1258,8,RISHON LEZIYYON
8300,ראשון לציון,522,"4,985",0.875,1157,7,RISHON LEZIYYON
8300,ראשון לציון,523,"3,691",1.148,1286,8,RISHON LEZIYYON
8300,ראשון לציון,524,"3,308",0.956,1187,7,RISHON LEZIYYON
8300,ראשון לציון,531,"5,162",1.371,1388,8,RISHON LEZIYYON
8300,ראשון לציון,532,"2,202",1.114,1270,8,RISHON LEZIYYON
8300,ראשון לציון,533,"4,751",1.004,1214,8,RISHON LEZIYYON
8300,ראשון לציון,534,"6,316",0.986,1206,8,RISHON LEZIYYON
8300,ראשון לציון,611,"2,919",1.402,1404,8,RISHON LEZIYYON
8300,ראשון לציון,612,"3,079",1.546,1455,8,RISHON LEZIYYON
8300,ראשון לציון,614,"5,262",1.524,1449,8,RISHON LEZIYYON
8300,ראשון לציון,615,"5,401",1.070,1252,8,RISHON LEZIYYON
8300,ראשון לציון,616,"3,946",1.080,1257,8,RISHON LEZIYYON
8300,ראשון לציון,617,"5,758",1.164,1294,8,RISHON LEZIYYON
8300,ראשון לציון,623,"2,430",0.916,1170,7,RISHON LEZIYYON
8300,ראשון לציון,624,"6,461",0.864,1146,7,RISHON LEZIYYON
8300,ראשון לציון,625,"1,186",1.228,1325,8,RISHON LEZIYYON
1161,רהט,1,"5,363",-1.837,55,1,RAHAT
1161,רהט,2,"5,489",-2.307,12,1,RAHAT
1161,רהט,3,"8,219",-1.977,40,1,RAHAT
1161,רהט,4,"7,893",-1.818,61,1,RAHAT
1161,רהט,5,"3,650",-1.229,171,2,RAHAT
1161,רהט,6,"4,063",-1.983,39,1,RAHAT
1161,רהט,7,"7,029",-2.306,13,1,RAHAT
1161,רהט,8,"4,237",-1.213,177,2,RAHAT
1161,רהט,9,"5,714",-2.219,22,1,RAHAT
1161,רהט,10,"3,697",-2.096,30,1,RAHAT
1161,רהט,11,"7,022",-1.793,65,1,RAHAT
8400,רחובות,112,"3,048",2.123,1594,9,REHOVOT
8400,רחובות,113,302,0.704,1063,7,REHOVOT
8400,רחובות,114,"3,905",1.497,1441,8,REHOVOT
8400,רחובות,115,"3,984",1.302,1356,8,REHOVOT
8400,רחובות,116,"3,841",0.774,1094,7,REHOVOT
8400,רחובות,117,"5,515",-0.493,373,3,REHOVOT
8400,רחובות,121,"4,236",0.137,716,5,REHOVOT
8400,רחובות,122,"4,257",1.039,1236,8,REHOVOT
8400,רחובות,123,"4,848",1.750,1524,9,REHOVOT
8400,רחובות,124,"3,310",0.229,776,6,REHOVOT
8400,רחובות,211,"4,037",0.100,688,5,REHOVOT
8400,רחובות,212,"2,209",-0.595,334,3,REHOVOT
8400,רחובות,213,"4,600",0.824,1118,7,REHOVOT
8400,רחובות,214,"3,256",1.059,1244,8,REHOVOT
8400,רחובות,221,"1,480",1.506,1446,8,REHOVOT
8400,רחובות,222,"7,375",-0.255,484,4,REHOVOT
8400,רחובות,231,"2,754",0.065,658,5,REHOVOT
8400,רחובות,232,"5,184",-0.377,419,4,REHOVOT
8400,רחובות,311,"2,337",1.391,1394,8,REHOVOT
8400,רחובות,312,"5,682",1.187,1303,8,REHOVOT
8400,רחובות,313,"2,832",0.130,711,5,REHOVOT
8400,רחובות,321,"4,817",0.279,808,6,REHOVOT
8400,רחובות,322,"4,960",0.460,931,6,REHOVOT
8400,רחובות,411,"3,579",0.511,956,7,REHOVOT
8400,רחובות,412,"2,585",0.774,1093,7,REHOVOT
8400,רחובות,413,"4,699",1.032,1233,8,REHOVOT
8400,רחובות,414,"4,040",1.181,1299,8,REHOVOT
8400,רחובות,421,"3,521",1.402,1403,8,REHOVOT
8400,רחובות,422,"1,280",1.694,1504,9,REHOVOT
8400,רחובות,424,"6,655",1.325,1367,8,REHOVOT
8400,רחובות,425,"4,365",0.372,872,6,REHOVOT
8400,רחובות,431,"6,706",0.713,1066,7,REHOVOT
8400,רחובות,432,"5,561",-0.903,240,2,REHOVOT
8400,רחובות,433,748,0.819,1117,7,REHOVOT
8500,רמלה,11,"1,697",-1.307,158,2,RAMLA
8500,רמלה,12,"2,635",0.456,929,6,RAMLA
8500,רמלה,13,"5,183",0.292,815,6,RAMLA
8500,רמלה,14,"4,107",-0.714,289,3,RAMLA
8500,רמלה,17,"3,974",-1.101,192,2,RAMLA
8500,רמלה,18,"2,397",-1.228,172,2,RAMLA
8500,רמלה,21,"2,311",-0.564,343,3,RAMLA
8500,רמלה,22,"3,697",-0.265,476,4,RAMLA
8500,רמלה,23,"2,072",-0.313,445,4,RAMLA
8500,רמלה,24,"4,297",0.346,853,6,RAMLA
8500,רמלה,31,"3,722",0.112,694,5,RAMLA
8500,רמלה,32,"3,183",-0.456,393,3,RAMLA
8500,רמלה,33,"2,765",-0.389,412,4,RAMLA
8500,רמלה,34,"3,067",-0.587,337,3,RAMLA
8500,רמלה,35,"3,307",-0.637,318,3,RAMLA
8500,רמלה,41,"6,839",0.519,961,7,RAMLA
8500,רמלה,42,"5,043",-0.335,438,4,RAMLA
8500,רמלה,43,"4,495",-0.068,570,5,RAMLA
8500,רמלה,44,"2,946",-0.019,606,5,RAMLA
8500,רמלה,45,"3,470",-1.571,100,2,RAMLA
8600,רמת גן,112,"4,606",1.734,1516,9,RAMAT GAN
8600,רמת גן,113,"3,445",0.992,1208,8,RAMAT GAN
8600,רמת גן,114,"4,787",0.876,1158,7,RAMAT GAN
8600,רמת גן,115,"2,692",0.832,1126,7,RAMAT GAN
8600,רמת גן,116,"3,791",1.074,1253,8,RAMAT GAN
8600,רמת גן,121,"3,389",1.054,1240,8,RAMAT GAN
8600,רמת גן,122,"1,658",1.337,1373,8,RAMAT GAN
8600,רמת גן,123,"2,810",1.453,1420,8,RAMAT GAN
8600,רמת גן,124,609,0.966,1194,8,RAMAT GAN
8600,רמת גן,125,"2,256",1.746,1520,9,RAMAT GAN
8600,רמת גן,131,"2,435",1.705,1506,9,RAMAT GAN
8600,רמת גן,132,"3,439",1.218,1320,8,RAMAT GAN
8600,רמת גן,133,"5,629",1.044,1237,8,RAMAT GAN
8600,רמת גן,134,"3,493",0.805,1109,7,RAMAT GAN
8600,רמת גן,135,"2,653",0.452,924,6,RAMAT GAN
8600,רמת גן,136,"4,521",0.849,1137,7,RAMAT GAN
8600,רמת גן,137,"2,061",0.942,1181,7,RAMAT GAN
8600,רמת גן,138,"4,376",1.019,1224,8,RAMAT GAN
8600,רמת גן,211,"2,427",0.698,1059,7,RAMAT GAN
8600,רמת גן,212,"3,236",1.022,1227,8,RAMAT GAN
8600,רמת גן,213,"2,976",1.007,1215,8,RAMAT GAN
8600,רמת גן,214,"2,322",0.719,1069,7,RAMAT GAN
8600,רמת גן,215,"5,420",0.835,1128,7,RAMAT GAN
8600,רמת גן,216,"4,610",0.857,1141,7,RAMAT GAN
8600,רמת גן,221,"3,403",0.674,1043,7,RAMAT GAN
8600,רמת גן,222,"5,781",1.111,1269,8,RAMAT GAN
8600,רמת גן,223,"4,248",1.219,1321,8,RAMAT GAN
8600,רמת גן,224,"4,172",1.079,1256,8,RAMAT GAN
8600,רמת גן,225,"3,083",0.857,1140,7,RAMAT GAN
8600,רמת גן,311,"3,007",0.889,1164,7,RAMAT GAN
8600,רמת גן,312,"4,952",1.589,1475,8,RAMAT GAN
8600,רמת גן,313,"3,288",0.777,1097,7,RAMAT GAN
8600,רמת גן,314,"2,338",0.748,1081,7,RAMAT GAN
8600,רמת גן,321,"5,167",0.503,954,7,RAMAT GAN
8600,רמת גן,322,"3,023",0.161,734,6,RAMAT GAN
8600,רמת גן,323,477,-0.760,276,3,RAMAT GAN
8600,רמת גן,324,"5,661",1.194,1308,8,RAMAT GAN
8600,רמת גן,325,"4,749",0.742,1079,7,RAMAT GAN
8600,רמת גן,412,"5,747",0.243,783,6,RAMAT GAN
8600,רמת גן,414,"2,623",2.169,1597,9,RAMAT GAN
8600,רמת גן,416,"3,264",1.955,1568,9,RAMAT GAN
8600,רמת גן,417,474,1.952,1566,9,RAMAT GAN
8600,רמת גן,418,"6,953",1.874,1549,9,RAMAT GAN
2650,רמת השרון,11,"5,355",0.687,1053,7,RAMAT HASHARON
2650,רמת השרון,13,"5,071",0.865,1148,7,RAMAT HASHARON
2650,רמת השרון,14,"4,845",1.833,1543,9,RAMAT HASHARON
2650,רמת השרון,21,"3,892",1.751,1526,9,RAMAT HASHARON
2650,רמת השרון,22,"4,482",1.606,1476,8,RAMAT HASHARON
2650,רמת השרון,23,"3,950",1.982,1575,9,RAMAT HASHARON
2650,רמת השרון,24,"3,592",1.994,1576,9,RAMAT HASHARON
2650,רמת השרון,31,"4,823",2.238,1604,9,RAMAT HASHARON
2650,רמת השרון,32,"3,102",1.967,1571,9,RAMAT HASHARON
2650,רמת השרון,33,"2,140",2.671,1620,10,RAMAT HASHARON
2650,רמת השרון,36,"3,037",2.534,1618,10,RAMAT HASHARON
8700,רעננה,12,"2,564",1.190,1304,8,RA'ANNANA
8700,רעננה,13,"3,859",1.642,1489,9,RA'ANNANA
8700,רעננה,14,"2,547",1.466,1429,8,RA'ANNANA
8700,רעננה,15,"2,150",0.969,1198,8,RA'ANNANA
8700,רעננה,16,"2,876",1.067,1249,8,RA'ANNANA
8700,רעננה,17,"3,501",1.026,1229,8,RA'ANNANA
8700,רעננה,18,"2,494",0.931,1178,7,RA'ANNANA
8700,רעננה,19,"2,346",1.160,1293,8,RA'ANNANA
8700,רעננה,21,"2,470",0.844,1134,7,RA'ANNANA
8700,רעננה,22,"3,113",0.862,1144,7,RA'ANNANA
8700,רעננה,23,"2,808",0.616,1017,7,RA'ANNANA
8700,רעננה,24,"3,108",1.626,1483,9,RA'ANNANA
8700,רעננה,25,"3,587",1.940,1563,9,RA'ANNANA
8700,רעננה,26,"2,976",0.682,1049,7,RA'ANNANA
8700,רעננה,27,"3,768",1.585,1474,8,RA'ANNANA
8700,רעננה,28,"2,916",1.138,1279,8,RA'ANNANA
8700,רעננה,31,"6,670",1.721,1511,9,RA'ANNANA
8700,רעננה,32,"3,504",1.570,1466,8,RA'ANNANA
8700,רעננה,33,"3,757",1.145,1283,8,RA'ANNANA
8700,רעננה,34,"3,739",0.862,1145,7,RA'ANNANA
8700,רעננה,35,"3,202",1.221,1322,8,RA'ANNANA
8700,רעננה,36,"2,329",1.653,1495,9,RA'ANNANA
1031,שדרות,2,"4,038",-0.446,397,3,SEDEROT
1031,שדרות,3,"3,013",-0.358,429,4,SEDEROT
1031,שדרות,4,"3,895",-0.155,528,5,SEDEROT
1031,שדרות,5,"3,457",-0.308,449,4,SEDEROT
1031,שדרות,6,"6,015",0.180,747,6,SEDEROT
1031,שדרות,7,"2,656",-0.032,592,5,SEDEROT
1304,שוהם,1,"4,718",1.892,1552,9,SHOHAM
1304,שוהם,2,"6,780",1.610,1479,8,SHOHAM
1304,שוהם,3,"4,662",1.470,1433,8,SHOHAM
1304,שוהם,4,"4,244",1.749,1523,9,SHOHAM
5000,תל אביב-יפו,113,"10,139",2.016,1580,9,TEL AVIV - YAFO
5000,תל אביב-יפו,114,"5,617",1.825,1542,9,TEL AVIV - YAFO
5000,תל אביב-יפו,115,"4,966",2.677,1621,10,TEL AVIV - YAFO
5000,תל אביב-יפו,117,"5,576",2.410,1614,9,TEL AVIV - YAFO
5000,תל אביב-יפו,121,"3,891",2.010,1578,9,TEL AVIV - YAFO
5000,תל אביב-יפו,122,"3,685",2.396,1613,9,TEL AVIV - YAFO
5000,תל אביב-יפו,123,"4,797",2.056,1585,9,TEL AVIV - YAFO
5000,תל אביב-יפו,124,"4,442",2.029,1582,9,TEL AVIV - YAFO
5000,תל אביב-יפו,125,"4,612",1.843,1545,9,TEL AVIV - YAFO
5000,תל אביב-יפו,131,"2,464",2.294,1606,9,TEL AVIV - YAFO
5000,תל אביב-יפו,132,"3,309",1.646,1491,9,TEL AVIV - YAFO
5000,תל אביב-יפו,133,"4,925",1.553,1459,8,TEL AVIV - YAFO
5000,תל אביב-יפו,134,"3,702",1.002,1212,8,TEL AVIV - YAFO
5000,תל אביב-יפו,135,292,0.631,1025,7,TEL AVIV - YAFO
5000,תל אביב-יפו,211,"5,663",2.336,1608,9,TEL AVIV - YAFO
5000,תל אביב-יפו,212,"5,577",1.981,1574,9,TEL AVIV - YAFO
5000,תל אביב-יפו,213,"3,243",1.876,1550,9,TEL AVIV - YAFO
5000,תל אביב-יפו,214,"2,990",1.951,1565,9,TEL AVIV - YAFO
5000,תל אביב-יפו,215,"4,666",1.334,1371,8,TEL AVIV - YAFO
5000,תל אביב-יפו,216,"2,695",1.356,1381,8,TEL AVIV - YAFO
5000,תל אביב-יפו,221,125,1.926,1558,9,TEL AVIV - YAFO
5000,תל אביב-יפו,222,"2,517",2.438,1615,9,TEL AVIV - YAFO
5000,תל אביב-יפו,223,"5,351",2.098,1591,9,TEL AVIV - YAFO
5000,תל אביב-יפו,224,"2,093",2.765,1623,10,TEL AVIV - YAFO
5000,תל אביב-יפו,225,"3,340",0.825,1119,7,TEL AVIV - YAFO
5000,תל אביב-יפו,226,"3,821",0.075,672,5,TEL AVIV - YAFO
5000,תל אביב-יפו,231,"4,233",2.300,1607,9,TEL AVIV - YAFO
5000,תל אביב-יפו,232,"2,607",2.202,1599,9,TEL AVIV - YAFO
5000,תל אביב-יפו,233,"4,113",1.456,1422,8,TEL AVIV - YAFO
5000,תל אביב-יפו,312,"2,233",1.510,1448,8,TEL AVIV - YAFO
5000,תל אביב-יפו,313,"2,013",1.723,1512,9,TEL AVIV - YAFO
5000,תל אביב-יפו,314,"4,291",1.900,1554,9,TEL AVIV - YAFO
5000,תל אביב-יפו,315,"3,945",1.957,1569,9,TEL AVIV - YAFO
5000,תל אביב-יפו,316,"1,719",1.653,1494,9,TEL AVIV - YAFO
5000,תל אביב-יפו,317,"2,011",1.631,1485,9,TEL AVIV - YAFO
5000,תל אביב-יפו,321,"1,624",1.486,1437,8,TEL AVIV - YAFO
5000,תל אביב-יפו,322,"1,609",1.751,1525,9,TEL AVIV - YAFO
5000,תל אביב-יפו,323,"3,885",1.834,1544,9,TEL AVIV - YAFO
5000,תל אביב-יפו,324,"2,134",1.915,1557,9,TEL AVIV - YAFO
5000,תל אביב-יפו,325,"3,755",1.735,1517,9,TEL AVIV - YAFO
5000,תל אביב-יפו,326,"2,763",1.415,1407,8,TEL AVIV - YAFO
5000,תל אביב-יפו,333,"1,452",1.415,1408,8,TEL AVIV - YAFO
5000,תל אביב-יפו,334,"2,199",1.281,1348,8,TEL AVIV - YAFO
5000,תל אביב-יפו,335,"1,598",1.155,1289,8,TEL AVIV - YAFO
5000,תל אביב-יפו,336,"2,069",1.278,1345,8,TEL AVIV - YAFO
5000,תל אביב-יפו,337,"1,762",1.576,1469,8,TEL AVIV - YAFO
5000,תל אביב-יפו,338,"1,838",1.345,1378,8,TEL AVIV - YAFO
5000,תל אביב-יפו,341,"2,044",1.747,1521,9,TEL AVIV - YAFO
5000,תל אביב-יפו,342,"2,056",1.637,1486,9,TEL AVIV - YAFO
5000,תל אביב-יפו,343,"2,087",1.498,1443,8,TEL AVIV - YAFO
5000,תל אביב-יפו,344,"1,972",1.530,1452,8,TEL AVIV - YAFO
5000,תל אביב-יפו,345,"2,196",1.748,1522,9,TEL AVIV - YAFO
5000,תל אביב-יפו,346,"2,530",1.715,1507,9,TEL AVIV - YAFO
5000,תל אביב-יפו,347,"2,862",1.724,1513,9,TEL AVIV - YAFO
5000,תל אביב-יפו,348,"1,181",1.607,1477,8,TEL AVIV - YAFO
5000,תל אביב-יפו,349,"1,545",1.745,1519,9,TEL AVIV - YAFO
5000,תל אביב-יפו,411,"4,878",1.805,1537,9,TEL AVIV - YAFO
5000,תל אביב-יפו,412,"4,524",1.793,1534,9,TEL AVIV - YAFO
5000,תל אביב-יפו,413,"3,750",1.979,1573,9,TEL AVIV - YAFO
5000,תל אביב-יפו,414,"2,933",2.062,1586,9,TEL AVIV - YAFO
5000,תל אביב-יפו,415,"3,950",2.050,1584,9,TEL AVIV - YAFO
5000,תל אביב-יפו,421,"2,621",1.953,1567,9,TEL AVIV - YAFO
5000,תל אביב-יפו,422,"3,263",2.049,1583,9,TEL AVIV - YAFO
5000,תל אביב-יפו,423,"3,133",2.236,1603,9,TEL AVIV - YAFO
5000,תל אביב-יפו,424,"2,827",2.005,1577,9,TEL AVIV - YAFO
5000,תל אביב-יפו,427,"2,162",2.066,1587,9,TEL AVIV - YAFO
5000,תל אביב-יפו,431,"2,830",1.784,1532,9,TEL AVIV - YAFO
5000,תל אביב-יפו,432,"3,919",2.104,1592,9,TEL AVIV - YAFO
5000,תל אביב-יפו,433,"2,908",2.079,1588,9,TEL AVIV - YAFO
5000,תל אביב-יפו,435,741,1.741,1518,9,TEL AVIV - YAFO
5000,תל אביב-יפו,436,"1,914",1.642,1488,9,TEL AVIV - YAFO
5000,תל אביב-יפו,437,"1,856",2.802,1624,10,TEL AVIV - YAFO
5000,תל אביב-יפו,511,"1,279",0.749,1082,7,TEL AVIV - YAFO
5000,תל אביב-יפו,512,"2,141",1.191,1305,8,TEL AVIV - YAFO
5000,תל אביב-יפו,513,"2,154",1.222,1323,8,TEL AVIV - YAFO
5000,תל אביב-יפו,514,"2,817",1.378,1389,8,TEL AVIV - YAFO
5000,תל אביב-יפו,515,"3,494",1.754,1527,9,TEL AVIV - YAFO
5000,תל אביב-יפו,516,"4,040",1.480,1435,8,TEL AVIV - YAFO
5000,תל אביב-יפו,517,"3,202",1.818,1539,9,TEL AVIV - YAFO
5000,תל אביב-יפו,521,"1,699",0.853,1138,7,TEL AVIV - YAFO
5000,תל אביב-יפו,522,"1,771",0.959,1189,7,TEL AVIV - YAFO
5000,תל אביב-יפו,523,"1,416",0.770,1090,7,TEL AVIV - YAFO
5000,תל אביב-יפו,532,605,1.183,1300,8,TEL AVIV - YAFO
5000,תל אביב-יפו,533,"3,404",1.337,1374,8,TEL AVIV - YAFO
5000,תל אביב-יפו,541,"1,195",1.067,1250,8,TEL AVIV - YAFO
5000,תל אביב-יפו,542,"1,030",1.066,1248,8,TEL AVIV - YAFO
5000,תל אביב-יפו,543,"1,405",1.460,1423,8,TEL AVIV - YAFO
5000,תל אביב-יפו,544,"1,945",1.562,1461,8,TEL AVIV - YAFO
5000,תל אביב-יפו,552,"1,028",1.306,1358,8,TEL AVIV - YAFO
5000,תל אביב-יפו,554,975,1.572,1467,8,TEL AVIV - YAFO
5000,תל אביב-יפו,555,"2,087",1.615,1480,8,TEL AVIV - YAFO
5000,תל אביב-יפו,557,"1,433",1.110,1268,8,TEL AVIV - YAFO
5000,תל אביב-יפו,611,"2,786",1.540,1454,8,TEL AVIV - YAFO
5000,תל אביב-יפו,612,"1,392",1.872,1548,9,TEL AVIV - YAFO
5000,תל אביב-יפו,613,274,2.610,1619,10,TEL AVIV - YAFO
5000,תל אביב-יפו,626,"1,690",1.549,1457,8,TEL AVIV - YAFO
5000,תל אביב-יפו,711,"1,801",0.560,982,7,TEL AVIV - YAFO
5000,תל אביב-יפו,712,"1,948",1.266,1339,8,TEL AVIV - YAFO
5000,תל אביב-יפו,713,526,0.266,800,6,TEL AVIV - YAFO
5000,תל אביב-יפו,715,"1,211",0.589,1001,7,TEL AVIV - YAFO
5000,תל אביב-יפו,721,"1,056",0.123,703,5,TEL AVIV - YAFO
5000,תל אביב-יפו,722,422,0.906,1167,7,TEL AVIV - YAFO
5000,תל אביב-יפו,723,"1,994",-0.258,481,4,TEL AVIV - YAFO
5000,תל אביב-יפו,724,"1,151",-0.634,319,3,TEL AVIV - YAFO
5000,תל אביב-יפו,725,"2,195",-0.361,428,4,TEL AVIV - YAFO
5000,תל אביב-יפו,731,"2,478",0.903,1166,7,TEL AVIV - YAFO
5000,תל אביב-יפו,732,"3,323",-0.030,595,5,TEL AVIV - YAFO
5000,תל אביב-יפו,733,"1,214",-0.551,348,3,TEL AVIV - YAFO
5000,תל אביב-יפו,734,"3,019",-0.272,469,4,TEL AVIV - YAFO
5000,תל אביב-יפו,735,"2,619",-0.702,293,3,TEL AVIV - YAFO
5000,תל אביב-יפו,736,"3,637",-0.372,420,4,TEL AVIV - YAFO
5000,תל אביב-יפו,743,"3,381",-0.188,506,5,TEL AVIV - YAFO
5000,תל אביב-יפו,744,"4,293",-0.227,494,4,TEL AVIV - YAFO
5000,תל אביב-יפו,745,"3,529",-0.364,427,4,TEL AVIV - YAFO
5000,תל אביב-יפו,746,"3,784",-0.557,346,3,TEL AVIV - YAFO
5000,תל אביב-יפו,747,"2,847",-0.365,426,4,TEL AVIV - YAFO
5000,תל אביב-יפו,748,"2,811",-0.328,440,4,TEL AVIV - YAFO
5000,תל אביב-יפו,811,"1,609",1.013,1220,8,TEL AVIV - YAFO
5000,תל אביב-יפו,812,"5,087",1.217,1319,8,TEL AVIV - YAFO
5000,תל אביב-יפו,813,"1,926",1.278,1347,8,TEL AVIV - YAFO
5000,תל אביב-יפו,814,"3,017",0.128,708,5,TEL AVIV - YAFO
5000,תל אביב-יפו,815,536,-0.947,226,2,TEL AVIV - YAFO
5000,תל אביב-יפו,816,586,-0.149,533,5,TEL AVIV - YAFO
5000,תל אביב-יפו,821,611,-0.808,269,3,TEL AVIV - YAFO
5000,תל אביב-יפו,822,"2,914",-0.240,488,4,TEL AVIV - YAFO
5000,תל אביב-יפו,823,"1,480",-0.214,500,4,TEL AVIV - YAFO
5000,תל אביב-יפו,824,"2,404",-0.388,413,4,TEL AVIV - YAFO
5000,תל אביב-יפו,826,860,0.134,715,5,TEL AVIV - YAFO
5000,תל אביב-יפו,832,"3,776",0.034,642,5,TEL AVIV - YAFO
5000,תל אביב-יפו,833,"4,934",-0.166,522,5,TEL AVIV - YAFO
5000,תל אביב-יפו,911,"4,450",1.354,1380,8,TEL AVIV - YAFO
5000,תל אביב-יפו,912,"3,925",1.622,1482,8,TEL AVIV - YAFO
5000,תל אביב-יפו,914,845,2.471,1617,9,TEL AVIV - YAFO
5000,תל אביב-יפו,915,"3,255",1.091,1261,8,TEL AVIV - YAFO
5000,תל אביב-יפו,916,"1,847",0.860,1143,7,TEL AVIV - YAFO
5000,תל אביב-יפו,921,"4,484",0.789,1103,7,TEL AVIV - YAFO
5000,תל אביב-יפו,922,"2,021",0.907,1168,7,TEL AVIV - YAFO
5000,תל אביב-יפו,923,307,-3.263,2,1,TEL AVIV - YAFO
5000,תל אביב-יפו,924,"1,287",-0.262,479,4,TEL AVIV - YAFO
5000,תל אביב-יפו,925,"3,234",0.141,718,5,TEL AVIV - YAFO
5000,תל אביב-יפו,926,"3,320",0.468,935,6,TEL AVIV - YAFO
5000,תל אביב-יפו,927,"4,931",0.522,964,7,TEL AVIV - YAFO
5000,תל אביב-יפו,928,402,0.354,860,6,TEL AVIV - YAFO
5000,תל אביב-יפו,929,"3,651",0.021,634,5,TEL AVIV - YAFO
5000,תל אביב-יפו,931,"1,688",-0.552,347,3,TEL AVIV - YAFO
5000,תל אביב-יפו,932,739,-0.671,304,3,TEL AVIV - YAFO
5000,תל אביב-יפו,933,"3,647",-0.408,404,4,TEL AVIV - YAFO
5000,תל אביב-יפו,934,"1,877",-0.756,277,3,TEL AVIV - YAFO
5000,תל אביב-יפו,935,"1,792",-0.733,282,3,TEL AVIV - YAFO
5000,תל אביב-יפו,936,"2,857",-0.432,399,3,TEL AVIV - YAFO
5000,תל אביב-יפו,937,"5,168",-0.041,585,5,TEL AVIV - YAFO
5000,תל אביב-יפו,941,"3,447",0.116,696,5,TEL AVIV - YAFO
5000,תל אביב-יפו,942,"5,067",0.282,809,6,TEL AVIV - YAFO
5000,תל אביב-יפו,943,"3,017",0.249,790,6,TEL AVIV - YAFO
5000,תל אביב-יפו,944,"3,677",0.073,668,5,TEL AVIV - YAFO
5000,תל אביב-יפו,945,"2,676",0.291,812,6,TEL AVIV - YAFO
5000,תל אביב-יפו,946,"3,396",0.329,842,6,TEL AVIV - YAFO
5000,תל אביב-יפו,947,"4,829",0.441,916,6,TEL AVIV - YAFO
