סמל יישוב,שם ישוב,אזור סטטיסטי,"סה""כ",4-0,9-5,14-10,19-15,24-20,29-25,34-30,39-35,44-40,49-45,54-50,59-55,64-60,69-65,74-70,+75,
4000,חיפה,111," 2,334 ", 332 , 299 , 215 , 145 , 153 , 164 , 174 , 156 , 111 , 96 , 67 , 83 , 100 , 81 , 74 , 85 ,
4000,חיפה,112," 5,853 ", 630 , 705 , 648 , 465 , 349 , 294 , 328 , 366 , 333 , 296 , 226 , 178 , 202 , 239 , 238 , 356 ,
4000,חיפה,121," 4,090 ", 243 , 265 , 253 , 184 , 228 , 240 , 267 , 279 , 255 , 227 , 218 , 217 , 251 , 282 , 256 , 425 ,
4000,חיפה,122," 3,744 ", 198 , 231 , 196 , 192 , 176 , 184 , 227 , 217 , 251 , 226 , 172 , 220 , 280 , 274 , 274 , 426 ,
4000,חיפה,131," 3,051 ", 225 , 214 , 242 , 226 , 189 , 152 , 168 , 206 , 222 , 214 , 161 , 145 , 163 , 173 , 190 , 162 ,
4000,חיפה,132," 3,076 ", 192 , 230 , 232 , 222 , 207 , 169 , 166 , 200 , 213 , 207 , 177 , 146 , 187 , 183 , 175 , 170 ,
4000,חיפה,133," 3,077 ", 180 , 204 , 252 , 227 , 198 , 152 , 170 , 168 , 192 , 231 , 189 , 156 , 161 , 189 , 186 , 223 ,
4000,חיפה,134," 4,477 ", 325 , 317 , 264 , 237 , 234 , 255 , 269 , 324 , 283 , 255 , 260 , 215 , 241 , 312 , 287 , 400 ,
4000,חיפה,135," 4,267 ", 261 , 251 , 232 , 244 , 288 , 246 , 275 , 278 , 266 , 272 , 231 , 209 , 255 , 300 , 309 , 349 ,
4000,חיפה,222, 45 , .. , .. , .. , .. , .. , .. , .. , .. , .. , .. , .. , .. , .. , .. , .. , 34 ,
4000,חיפה,232, .. , .. , .. , .. , .. , .. , .. , .. , .. , .. , .. , .. , .. , .. , .. , .. , .. ,
4000,חיפה,311, 181 , 7 , 4 , 6 , 9 , 17 , 15 , 10 , 8 , 6 , 9 , 13 , 13 , 14 , 11 , 10 , 28 ,
4000,חיפה,314, 427 , 16 , 14 , 9 , 20 , 32 , 58 , 16 , 16 , 16 , 18 , 22 , 31 , 32 , 22 , 32 , 72 ,
4000,חיפה,321, 12 , .. , .. , .. , .. , .. , .. , .. , .. , .. , .. , .. , .. , .. , .. , .. , 4 ,
4000,חיפה,324, 450 , 8 , 5 , .. , 4 , 51 , 96 , 77 , 32 , 13 , 19 , 25 , 16 , 9 , 27 , 18 , 47 ,
4000,חיפה,331, 61 , 6 , 4 , .. , 4 , 7 , 6 , .. , .. , .. , .. , .. , 5 , 4 , 4 , 4 , 9 ,
4000,חיפה,332, 84 , 9 , 6 , 9 , 4 , .. , .. , .. , 8 , .. , .. , .. , .. , 6 , .. , 9 , 20 ,
4000,חיפה,333, 242 , 4 , 7 , 27 , 32 , 17 , 19 , 7 , 5 , 7 , 4 , 5 , .. , 10 , 12 , 10 , 76 ,
4000,חיפה,334," 1,064 ", 30 , 24 , 31 , 35 , 46 , 54 , 40 , 38 , 38 , 39 , 28 , 32 , 44 , 69 , 120 , 397 ,
4000,חיפה,411," 1,846 ", 80 , 55 , 44 , 107 , 74 , 103 , 92 , 93 , 71 , 97 , 104 , 115 , 133 , 143 , 167 , 370 ,
4000,חיפה,412," 1,778 ", 56 , 48 , 49 , 66 , 58 , 111 , 95 , 79 , 77 , 98 , 98 , 125 , 127 , 143 , 133 , 416 ,
4000,חיפה,413, 903 , 37 , 36 , 24 , 29 , 40 , 53 , 45 , 45 , 38 , 36 , 55 , 63 , 65 , 93 , 79 , 165 ,
4000,חיפה,414," 2,300 ", 156 , 103 , 81 , 86 , 112 , 154 , 182 , 165 , 129 , 133 , 131 , 124 , 141 , 153 , 165 , 286 ,
4000,חיפה,417," 2,648 ", 151 , 98 , 51 , 53 , 103 , 255 , 293 , 184 , 117 , 96 , 102 , 136 , 142 , 148 , 157 , 562 ,
4000,חיפה,418, 668 , 28 , 15 , 16 , 10 , 49 , 90 , 60 , 45 , 34 , 30 , 29 , 35 , 41 , 46 , 49 , 89 ,
4000,חיפה,421, 569 , 54 , 20 , 15 , 33 , 65 , 47 , 34 , 20 , 25 , 26 , 20 , 34 , 24 , 36 , 51 , 64 ,
4000,חיפה,422," 2,680 ", 154 , 148 , 127 , 102 , 129 , 140 , 145 , 166 , 158 , 159 , 130 , 177 , 178 , 190 , 225 , 352 ,
4000,חיפה,423," 3,205 ", 160 , 157 , 144 , 139 , 146 , 186 , 221 , 225 , 178 , 152 , 195 , 192 , 228 , 210 , 274 , 397 ,
4000,חיפה,424," 2,632 ", 107 , 102 , 92 , 115 , 144 , 151 , 127 , 143 , 151 , 132 , 150 , 144 , 181 , 256 , 267 , 373 ,
4000,חיפה,425," 1,990 ", 156 , 194 , 138 , 118 , 80 , 76 , 86 , 163 , 165 , 142 , 112 , 77 , 101 , 125 , 125 , 133 ,
4000,חיפה,426," 2,898 ", 136 , 109 , 110 , 149 , 168 , 191 , 191 , 188 , 131 , 163 , 148 , 185 , 233 , 239 , 226 , 331 ,
4000,חיפה,431, 214 , .. , 5 , .. , .. , .. , 11 , 15 , 7 , 12 , 19 , 20 , 7 , 20 , 21 , 25 , 48 ,
4000,חיפה,433," 3,566 ", 576 , 394 , 151 , 99 , 100 , 139 , 454 , 456 , 292 , 137 , 111 , 114 , 144 , 181 , 128 , 89 ,
4000,חיפה,511," 5,428 ", 309 , 445 , 454 , 393 , 289 , 195 , 236 , 298 , 400 , 402 , 332 , 278 , 229 , 311 , 343 , 515 ,
4000,חיפה,512," 3,342 ", 174 , 203 , 217 , 205 , 202 , 148 , 187 , 195 , 197 , 234 , 197 , 170 , 207 , 226 , 204 , 375 ,
4000,חיפה,513," 2,882 ", 170 , 229 , 194 , 169 , 157 , 141 , 155 , 169 , 224 , 173 , 163 , 143 , 169 , 186 , 188 , 252 ,
4000,חיפה,514," 2,701 ", 123 , 136 , 180 , 190 , 202 , 172 , 108 , 103 , 154 , 183 , 168 , 182 , 204 , 190 , 155 , 252 ,
4000,חיפה,521," 1,202 ", 41 , 51 , 54 , 49 , 58 , 42 , 63 , 67 , 67 , 66 , 67 , 64 , 85 , 84 , 95 , 250 ,
4000,חיפה,522," 1,501 ", 46 , 55 , 81 , 70 , 74 , 65 , 76 , 43 , 83 , 95 , 69 , 73 , 96 , 83 , 118 , 374 ,
4000,חיפה,523," 1,377 ", 55 , 59 , 57 , 46 , 52 , 68 , 92 , 90 , 79 , 78 , 59 , 50 , 82 , 106 , 121 , 281 ,
4000,חיפה,524," 2,214 ", 116 , 111 , 121 , 91 , 120 , 131 , 142 , 145 , 132 , 147 , 131 , 132 , 105 , 105 , 149 , 335 ,
4000,חיפה,525," 3,293 ", 247 , 227 , 197 , 148 , 133 , 135 , 177 , 236 , 231 , 205 , 180 , 154 , 165 , 198 , 220 , 440 ,
4000,חיפה,526," 3,305 ", 169 , 210 , 209 , 154 , 174 , 142 , 188 , 177 , 241 , 214 , 163 , 175 , 175 , 217 , 256 , 441 ,
4000,חיפה,527, 514 , 33 , 34 , 35 , 16 , 29 , 17 , 22 , 31 , 27 , 35 , 31 , 28 , 31 , 38 , 43 , 64 ,
4000,חיפה,528," 3,383 ", 183 , 219 , 190 , 201 , 147 , 140 , 169 , 202 , 204 , 213 , 174 , 178 , 203 , 223 , 274 , 462 ,
4000,חיפה,531," 3,350 ", 128 , 183 , 241 , 199 , 218 , 182 , 152 , 167 , 214 , 215 , 213 , 224 , 177 , 262 , 226 , 349 ,
4000,חיפה,532," 1,979 ", 128 , 122 , 114 , 106 , 109 , 79 , 95 , 129 , 126 , 136 , 98 , 118 , 133 , 139 , 142 , 207 ,
4000,חיפה,533," 3,315 ", 162 , 207 , 213 , 161 , 196 , 133 , 147 , 169 , 225 , 188 , 203 , 177 , 209 , 225 , 239 , 462 ,
4000,חיפה,611, 121 , 9 , .. , 6 , 9 , .. , 4 , .. , .. , 5 , 4 , 7 , 9 , 9 , 13 , 9 , 30 ,
4000,חיפה,612, 227 , 10 , 4 , 9 , 15 , 4 , 10 , 15 , 7 , 9 , 10 , 14 , 9 , 9 , 33 , 18 , 52 ,
4000,חיפה,613," 1,254 ", 41 , 31 , 20 , 24 , 60 , 145 , 194 , 89 , 61 , 55 , 53 , 83 , 72 , 62 , 84 , 180 ,
4000,חיפה,621," 2,192 ", 100 , 85 , 73 , 81 , 93 , 136 , 187 , 152 , 142 , 127 , 110 , 124 , 149 , 171 , 155 , 305 ,
4000,חיפה,622," 2,384 ", 285 , 246 , 156 , 90 , 139 , 189 , 188 , 123 , 104 , 99 , 114 , 129 , 108 , 121 , 113 , 182 ,
4000,חיפה,623," 2,967 ", 255 , 240 , 216 , 174 , 175 , 169 , 148 , 125 , 150 , 163 , 160 , 150 , 176 , 193 , 184 , 289 ,
4000,חיפה,631," 3,265 ", 358 , 285 , 161 , 114 , 144 , 278 , 303 , 244 , 162 , 122 , 123 , 124 , 163 , 157 , 182 , 343 ,
4000,חיפה,632, 768 , 19 , 13 , 10 , 11 , 25 , 45 , 51 , 43 , 32 , 42 , 59 , 51 , 68 , 67 , 75 , 158 ,
4000,חיפה,633, 451 , 12 , .. , 4 , .. , 7 , 20 , 20 , 15 , 14 , 20 , 31 , 27 , 35 , 43 , 42 , 158 ,
4000,חיפה,634, 733 , 33 , 22 , 16 , 14 , 38 , 60 , 60 , 52 , 36 , 39 , 47 , 56 , 57 , 61 , 50 , 90 ,
4000,חיפה,641," 3,032 ", 621 , 429 , 180 , 86 , 174 , 280 , 237 , 110 , 72 , 86 , 85 , 100 , 115 , 127 , 134 , 198 ,
4000,חיפה,642," 4,336 ", 841 , 680 , 460 , 282 , 314 , 343 , 336 , 211 , 111 , 97 , 93 , 78 , 109 , 119 , 110 , 152 ,
4000,חיפה,643," 2,323 ", 370 , 375 , 341 , 300 , 155 , 124 , 113 , 105 , 106 , 81 , 76 , 29 , 31 , 33 , 50 , 32 ,
4000,חיפה,644, 566 , 49 , 46 , 37 , 30 , 30 , 26 , 44 , 27 , 17 , 21 , 30 , 24 , 26 , 45 , 58 , 57 ,
4000,חיפה,711, 236 , 13 , 7 , 10 , 8 , 17 , 20 , 14 , 13 , 8 , 8 , 14 , 16 , 20 , 16 , 19 , 33 ,
4000,חיפה,712," 2,010 ", 65 , 61 , 66 , 81 , 123 , 149 , 115 , 119 , 93 , 116 , 104 , 113 , 157 , 162 , 182 , 304 ,
4000,חיפה,713," 3,089 ", 140 , 110 , 103 , 137 , 300 , 243 , 187 , 156 , 154 , 143 , 143 , 157 , 200 , 221 , 240 , 456 ,
4000,חיפה,714," 3,900 ", 245 , 218 , 190 , 265 , 285 , 295 , 229 , 219 , 201 , 205 , 225 , 229 , 272 , 245 , 206 , 370 ,
4000,חיפה,715, 726 , 56 , 55 , 57 , 50 , 49 , 43 , 33 , 51 , 42 , 49 , 50 , 46 , 32 , 42 , 32 , 40 ,
4000,חיפה,721," 3,533 ", 273 , 301 , 297 , 164 , 178 , 228 , 189 , 216 , 186 , 157 , 128 , 110 , 123 , 146 , 195 , 643 ,
4000,חיפה,722," 3,517 ", 404 , 402 , 352 , 225 , 166 , 190 , 217 , 215 , 208 , 173 , 144 , 117 , 115 , 129 , 149 , 312 ,
4000,חיפה,723," 4,282 ", 334 , 321 , 284 , 244 , 245 , 251 , 281 , 261 , 241 , 234 , 222 , 206 , 235 , 230 , 263 , 428 ,
4000,חיפה,731," 1,985 ", 115 , 115 , 97 , 86 , 68 , 91 , 114 , 125 , 109 , 104 , 103 , 106 , 137 , 148 , 166 , 300 ,
4000,חיפה,732," 3,000 ", 180 , 145 , 128 , 122 , 110 , 141 , 201 , 170 , 168 , 129 , 119 , 158 , 189 , 254 , 298 , 490 ,
4000,חיפה,733," 1,766 ", 112 , 79 , 63 , 53 , 86 , 96 , 140 , 117 , 83 , 97 , 88 , 94 , 122 , 139 , 147 , 251 ,
4000,חיפה,811," 3,341 ", 274 , 236 , 234 , 377 , 269 , 267 , 202 , 166 , 168 , 113 , 102 , 113 , 114 , 153 , 166 , 386 ,
4000,חיפה,812," 2,356 ", 216 , 40 , .. , 270 , 945 , 601 , 194 , 68 , 9 , .. , 4 , .. , .. , .. , .. , .. ,
4000,חיפה,813," 2,452 ", 214 , 199 , 148 , 150 , 127 , 163 , 179 , 213 , 164 , 146 , 111 , 126 , 131 , 134 , 107 , 141 ,
4000,חיפה,821," 3,948 ", 328 , 287 , 218 , 132 , 169 , 367 , 390 , 399 , 337 , 260 , 175 , 130 , 160 , 168 , 187 , 240 ,
4000,חיפה,822," 1,806 ", 100 , 116 , 137 , 91 , 130 , 146 , 102 , 112 , 96 , 101 , 85 , 89 , 124 , 128 , 113 , 136 ,
4000,חיפה,823," 2,135 ", 78 , 113 , 130 , 168 , 180 , 149 , 88 , 63 , 100 , 136 , 157 , 167 , 138 , 99 , 126 , 245 ,
4000,חיפה,824," 2,345 ", 190 , 150 , 138 , 137 , 116 , 130 , 156 , 169 , 189 , 117 , 130 , 135 , 125 , 121 , 132 , 209 ,
4000,חיפה,911," 3,106 ", 177 , 182 , 150 , 143 , 128 , 129 , 202 , 202 , 183 , 173 , 133 , 162 , 174 , 218 , 283 , 469 ,
4000,חיפה,912," 3,427 ", 252 , 257 , 200 , 190 , 152 , 169 , 216 , 237 , 225 , 220 , 166 , 162 , 206 , 217 , 233 , 326 ,
4000,חיפה,921," 2,389 ", 170 , 173 , 135 , 116 , 101 , 113 , 142 , 152 , 162 , 153 , 116 , 105 , 103 , 130 , 184 , 332 ,
4000,חיפה,922," 3,438 ", 169 , 198 , 200 , 183 , 180 , 148 , 183 , 192 , 184 , 215 , 187 , 157 , 188 , 201 , 263 , 589 ,
4000,חיפה,931," 2,887 ", 135 , 152 , 194 , 171 , 142 , 157 , 122 , 139 , 184 , 170 , 147 , 151 , 202 , 262 , 296 , 264 ,
4000,חיפה,932," 4,609 ", 272 , 458 , 450 , 330 , 225 , 155 , 139 , 272 , 388 , 340 , 214 , 188 , 214 , 227 , 262 , 475 ,
4000,חיפה,933," 3,368 ", 214 , 212 , 207 , 331 , 196 , 127 , 182 , 176 , 200 , 210 , 172 , 153 , 164 , 194 , 218 , 413 ,
4000,חיפה,934," 3,078 ", 155 , 189 , 200 , 168 , 194 , 157 , 131 , 159 , 168 , 174 , 174 , 200 , 244 , 201 , 238 , 328 ,
4000,חיפה,941," 2,050 ", 73 , 99 , 159 , 147 , 119 , 105 , 90 , 79 , 112 , 149 , 101 , 126 , 133 , 148 , 203 , 208 ,
4000,חיפה,942," 1,827 ", 84 , 108 , 115 , 107 , 116 , 86 , 78 , 92 , 109 , 115 , 97 , 98 , 140 , 130 , 145 , 207 ,
4000,חיפה,943," 3,474 ", 159 , 160 , 165 , 151 , 137 , 133 , 133 , 139 , 167 , 176 , 162 , 136 , 236 , 351 , 484 , 585 ,
4000,חיפה,944," 4,754 ", 170 , 213 , 326 , 391 , 356 , 265 , 179 , 164 , 212 , 323 , 329 , 298 , 293 , 342 , 440 , 451 ,
4000,חיפה,945, 186 , .. , .. , .. , 31 , 69 , 57 , 18 , 6 , 4 , .. , .. , .. , .. , .. , .. , .. ,
3000,ירושלים,111," 2,940 ", 455 , 400 , 370 , 282 , 336 , 262 , 158 , 115 , 66 , 136 , 117 , 107 , 70 , 29 , 18 , 20 ,
3000,ירושלים,112," 2,830 ", 318 , 279 , 341 , 342 , 416 , 253 , 132 , 87 , 76 , 99 , 132 , 129 , 116 , 57 , 22 , 31 ,
3000,ירושלים,113," 3,910 ", 840 , 667 , 396 , 193 , 194 , 324 , 318 , 255 , 113 , 82 , 74 , 80 , 75 , 94 , 77 , 129 ,
3000,ירושלים,114," 3,943 ", 799 , 738 , 512 , 151 , 152 , 268 , 324 , 377 , 117 , 72 , 58 , 60 , 86 , 75 , 53 , 101 ,
3000,ירושלים,115," 4,653 "," 1,056 ", 884 , 543 , 170 , 145 , 309 , 434 , 390 , 117 , 88 , 66 , 58 , 89 , 100 , 75 , 128 ,
3000,ירושלים,116," 7,060 "," 1,650 "," 1,285 ", 690 , 205 , 279 , 677 , 705 , 476 , 204 , 120 , 88 , 100 , 133 , 139 , 114 , 194 ,
3000,ירושלים,121," 4,401 ", 463 , 384 , 331 , 344 , 320 , 254 , 304 , 252 , 213 , 263 , 213 , 210 , 221 , 205 , 189 , 236 ,
3000,ירושלים,122," 2,926 ", 348 , 255 , 206 , 154 , 214 , 268 , 193 , 133 , 126 , 137 , 136 , 168 , 156 , 147 , 132 , 152 ,
3000,ירושלים,123," 4,279 ", 492 , 374 , 295 , 222 , 261 , 319 , 285 , 286 , 207 , 165 , 153 , 220 , 241 , 199 , 201 , 360 ,
3000,ירושלים,124," 1,934 ", 219 , 161 , 146 , 120 , 134 , 161 , 131 , 113 , 91 , 85 , 92 , 79 , 85 , 109 , 85 , 123 ,
3000,ירושלים,125," 3,779 ", 471 , 428 , 346 , 228 , 251 , 295 , 289 , 253 , 180 , 155 , 136 , 160 , 161 , 161 , 117 , 146 ,
3000,ירושלים,131," 2,440 ", 164 , 161 , 218 , 234 , 302 , 231 , 135 , 98 , 116 , 135 , 179 , 175 , 142 , 70 , 32 , 46 ,
3000,ירושלים,132," 4,149 ", 390 , 327 , 263 , 302 , 360 , 349 , 256 , 221 , 163 , 181 , 249 , 255 , 226 , 162 , 134 , 308 ,
3000,ירושלים,133," 5,181 ", 448 , 390 , 417 , 503 , 565 , 430 , 277 , 250 , 220 , 294 , 369 , 321 , 220 , 169 , 124 , 185 ,
3000,ירושלים,134," 2,493 ", 197 , 216 , 185 , 177 , 196 , 212 , 142 , 116 , 126 , 140 , 119 , 147 , 161 , 113 , 111 , 136 ,
3000,ירושלים,135," 4,070 ", 319 , 271 , 306 , 302 , 309 , 343 , 258 , 231 , 180 , 201 , 203 , 254 , 265 , 213 , 158 , 257 ,
3000,ירושלים,136," 3,516 ", 261 , 255 , 219 , 203 , 259 , 298 , 268 , 182 , 160 , 177 , 168 , 211 , 254 , 209 , 158 , 234 ,
3000,ירושלים,411," 5,722 ", 787 , 638 , 668 , 646 , 758 , 461 , 257 , 191 , 166 , 196 , 233 , 252 , 233 , 135 , 53 , 49 ,
3000,ירושלים,412," 4,736 ", 664 , 516 , 564 , 556 , 621 , 396 , 173 , 151 , 135 , 235 , 216 , 189 , 145 , 92 , 41 , 45 ,
3000,ירושלים,413," 4,500 ", 606 , 408 , 423 , 531 , 654 , 428 , 207 , 138 , 115 , 174 , 180 , 192 , 202 , 117 , 74 , 52 ,
3000,ירושלים,421," 6,916 "," 1,232 "," 1,125 ", 871 , 481 , 356 , 422 , 491 , 464 , 349 , 229 , 175 , 138 , 156 , 161 , 125 , 141 ,
3000,ירושלים,422," 3,738 ", 678 , 578 , 439 , 233 , 194 , 273 , 306 , 226 , 169 , 93 , 81 , 80 , 97 , 94 , 100 , 95 ,
3000,ירושלים,423," 5,431 ", 962 , 913 , 814 , 518 , 374 , 315 , 245 , 307 , 295 , 204 , 153 , 88 , 52 , 55 , 54 , 83 ,
3000,ירושלים,424," 3,006 ", 489 , 478 , 413 , 257 , 187 , 172 , 163 , 151 , 173 , 125 , 95 , 60 , 46 , 44 , 36 , 117 ,
3000,ירושלים,425," 6,402 ", 869 , 749 , 784 ," 1,066 ", 734 , 370 , 289 , 283 , 195 , 176 , 169 , 183 , 225 , 136 , 111 , 62 ,
3000,ירושלים,426," 5,683 ", 778 , 590 , 687 , 807 , 698 , 474 , 251 , 164 , 136 , 187 , 232 , 272 , 187 , 110 , 57 , 52 ,
3000,ירושלים,431," 5,161 ", 643 , 576 , 516 , 445 , 472 , 403 , 335 , 233 , 213 , 178 , 185 , 221 , 219 , 223 , 156 , 144 ,
3000,ירושלים,432," 5,088 ", 752 , 652 , 554 , 454 , 522 , 402 , 325 , 248 , 166 , 152 , 200 , 210 , 179 , 124 , 72 , 75 ,
3000,ירושלים,433," 2,586 ", 436 , 365 , 292 , 167 , 134 , 159 , 205 , 202 , 110 , 81 , 62 , 72 , 73 , 72 , 72 , 84 ,
3000,ירושלים,434," 3,709 ", 640 , 569 , 407 , 201 , 188 , 271 , 305 , 272 , 147 , 86 , 78 , 95 , 107 , 117 , 85 , 140 ,
3000,ירושלים,435," 2,069 ", 172 , 189 , 178 , 149 , 164 , 140 , 123 , 118 , 88 , 75 , 58 , 62 , 103 , 159 , 157 , 135 ,
3000,ירושלים,512," 2,872 ", 298 , 220 , 396 , 577 , 253 , 151 , 81 , 58 , 69 , 82 , 95 , 84 , 89 , 143 , 103 , 170 ,
3000,ירושלים,513," 3,935 ", 579 , 464 , 469 , 604 , 405 , 235 , 125 , 118 , 123 , 112 , 137 , 138 , 110 , 108 , 86 , 122 ,
3000,ירושלים,514," 4,250 ", 583 , 449 , 555 , 660 , 468 , 285 , 163 , 164 , 126 , 117 , 133 , 120 , 133 , 110 , 74 , 111 ,
3000,ירושלים,515," 4,526 ", 733 , 566 , 522 , 413 , 425 , 278 , 229 , 166 , 153 , 160 , 122 , 156 , 137 , 125 , 121 , 220 ,
3000,ירושלים,521," 4,342 ", 579 , 469 , 484 , 665 , 477 , 259 , 150 , 154 , 118 , 133 , 125 , 133 , 147 , 159 , 103 , 189 ,
3000,ירושלים,522," 4,115 ", 673 , 680 , 635 , 377 , 243 , 180 , 167 , 258 , 247 , 140 , 90 , 57 , 62 , 70 , 75 , 162 ,
3000,ירושלים,523," 3,049 ", 426 , 429 , 328 , 181 , 188 , 191 , 196 , 183 , 131 , 93 , 64 , 60 , 82 , 92 , 105 , 301 ,
3000,ירושלים,531," 3,172 ", 477 , 465 , 409 , 261 , 221 , 188 , 203 , 173 , 149 , 117 , 96 , 81 , 83 , 75 , 58 , 115 ,
3000,ירושלים,532," 4,949 ", 904 , 791 , 669 , 404 , 362 , 338 , 326 , 284 , 196 , 122 , 151 , 125 , 108 , 54 , 34 , 82 ,
3000,ירושלים,533," 2,679 ", 430 , 312 , 297 , 232 , 249 , 210 , 148 , 103 , 87 , 74 , 82 , 87 , 97 , 95 , 90 , 88 ,
3000,ירושלים,541," 3,389 ", 367 , 277 , 228 , 167 , 207 , 279 , 222 , 151 , 124 , 151 , 125 , 113 , 136 , 187 , 222 , 434 ,
3000,ירושלים,542," 2,194 ", 214 , 156 , 129 , 96 , 417 , 188 , 139 , 111 , 70 , 85 , 71 , 55 , 63 , 62 , 115 , 223 ,
3000,ירושלים,543, 375 , .. , .. , .. , 112 , 163 , 42 , 11 , 10 , 4 , .. , 10 , 11 , 5 , .. , .. , .. ,
3000,ירושלים,812," 3,351 ", 500 , 416 , 367 , 304 , 289 , 245 , 163 , 180 , 147 , 112 , 102 , 124 , 104 , 92 , 64 , 143 ,
3000,ירושלים,821," 8,693 "," 1,713 "," 1,325 "," 1,176 "," 1,146 ", 757 , 507 , 287 , 310 , 288 , 261 , 209 , 143 , 160 , 142 , 100 , 168 ,
3000,ירושלים,822," 6,874 "," 1,201 ", 980 , 812 , 819 , 711 , 527 , 335 , 294 , 252 , 186 , 178 , 122 , 132 , 108 , 91 , 126 ,
3000,ירושלים,823," 4,147 ", 864 , 680 , 470 , 418 , 306 , 307 , 252 , 197 , 134 , 96 , 84 , 93 , 93 , 63 , 35 , 55 ,
3000,ירושלים,824," 9,813 "," 1,736 "," 1,396 "," 1,200 "," 1,271 ", 942 , 607 , 489 , 403 , 274 , 237 , 229 , 292 , 196 , 169 , 144 , 227 ,
3000,ירושלים,825," 2,796 ", 517 , 350 , 331 , 412 , 272 , 187 , 106 , 104 , 81 , 69 , 62 , 53 , 60 , 65 , 55 , 70 ,
3000,ירושלים,826," 6,263 "," 1,197 ", 870 , 762 , 663 , 560 , 430 , 298 , 265 , 176 , 145 , 173 , 130 , 134 , 165 , 111 , 185 ,
3000,ירושלים,832," 4,061 ", 554 , 493 , 458 , 662 , 434 , 277 , 232 , 165 , 119 , 106 , 96 , 94 , 87 , 78 , 62 , 145 ,
3000,ירושלים,833," 1,503 ", 246 , 199 , 154 , 117 , 133 , 121 , 97 , 85 , 55 , 45 , 42 , 48 , 52 , 42 , 21 , 45 ,
3000,ירושלים,834," 4,365 ", 775 , 564 , 467 , 336 , 453 , 356 , 222 , 186 , 132 , 127 , 115 , 122 , 115 , 83 , 64 , 247 ,
3000,ירושלים,835," 2,659 ", 473 , 327 , 279 , 519 , 197 , 192 , 128 , 93 , 75 , 37 , 58 , 56 , 58 , 43 , 43 , 81 ,
3000,ירושלים,836," 4,230 ", 747 , 573 , 464 , 388 , 391 , 318 , 272 , 190 , 150 , 96 , 97 , 96 , 122 , 97 , 79 , 149 ,
3000,ירושלים,841," 1,747 ", 217 , 163 , 140 , 121 , 172 , 180 , 136 , 107 , 60 , 69 , 48 , 67 , 61 , 50 , 58 , 98 ,
3000,ירושלים,842, 637 , 88 , 79 , 71 , 61 , 77 , 40 , 35 , 31 , 24 , 16 , 23 , 16 , 20 , 14 , 13 , 32 ,
3000,ירושלים,843, 761 , 50 , 42 , 32 , 20 , 106 , 143 , 88 , 52 , 29 , 35 , 25 , 31 , 35 , 28 , 10 , 36 ,
3000,ירושלים,846, 952 , 54 , 29 , 16 , 16 , 132 , 169 , 94 , 69 , 42 , 24 , 18 , 36 , 32 , 41 , 57 , 123 ,
3000,ירושלים,847, 808 , 61 , 39 , 31 , 16 , 78 , 138 , 70 , 50 , 32 , 16 , 18 , 28 , 26 , 34 , 42 , 129 ,
3000,ירושלים,848," 1,100 ", 36 , 19 , 27 , 22 , 114 , 244 , 139 , 88 , 46 , 41 , 41 , 39 , 57 , 49 , 50 , 90 ,
3000,ירושלים,851, 862 , 138 , 118 , 78 , 55 , 53 , 81 , 60 , 39 , 31 , 31 , 21 , 27 , 27 , 26 , 29 , 48 ,
3000,ירושלים,852, 681 , 48 , 32 , 21 , 17 , 50 , 113 , 87 , 61 , 31 , 15 , 24 , 31 , 38 , 33 , 29 , 51 ,
3000,ירושלים,853," 1,729 ", 177 , 152 , 88 , 78 , 133 , 242 , 171 , 117 , 81 , 53 , 49 , 60 , 65 , 85 , 60 , 117 ,
3000,ירושלים,854," 1,647 ", 92 , 49 , 35 , 167 , 121 , 332 , 206 , 140 , 76 , 51 , 54 , 65 , 54 , 64 , 51 , 92 ,
3000,ירושלים,855," 1,458 ", 108 , 64 , 61 , 43 , 140 , 271 , 193 , 131 , 58 , 63 , 41 , 57 , 63 , 64 , 45 , 56 ,
3000,ירושלים,856, 992 , 68 , 48 , 40 , 29 , 76 , 180 , 143 , 89 , 47 , 33 , 28 , 45 , 37 , 47 , 31 , 52 ,
3000,ירושלים,857," 1,087 ", 102 , 72 , 67 , 44 , 79 , 152 , 117 , 98 , 34 , 46 , 39 , 34 , 31 , 45 , 47 , 78 ,
3000,ירושלים,858, 687 , 80 , 63 , 59 , 36 , 50 , 68 , 55 , 47 , 28 , 16 , 26 , 26 , 28 , 23 , 34 , 48 ,
3000,ירושלים,861, 867 , 79 , 69 , 63 , 28 , 31 , 37 , 36 , 51 , 33 , 16 , 11 , 22 , 26 , 47 , 57 , 263 ,
3000,ירושלים,862," 1,450 ", 165 , 124 , 103 , 70 , 136 , 185 , 121 , 99 , 58 , 29 , 33 , 51 , 37 , 50 , 61 , 132 ,
3000,ירושלים,863," 3,049 ", 243 , 167 , 132 , 72 , 189 , 581 , 352 , 228 , 128 , 82 , 83 , 76 , 127 , 103 , 129 , 355 ,
3000,ירושלים,864," 2,625 ", 193 , 124 , 95 , 63 , 157 , 460 , 283 , 201 , 120 , 108 , 65 , 111 , 78 , 93 , 134 , 341 ,
3000,ירושלים,911," 2,964 ", 402 , 251 , 265 , 257 , 409 , 226 , 94 , 96 , 69 , 68 , 70 , 127 , 166 , 162 , 150 , 151 ,
3000,ירושלים,912," 5,270 ", 901 , 592 , 605 , 568 , 683 , 350 , 181 , 156 , 138 , 161 , 187 , 204 , 189 , 144 , 97 , 112 ,
3000,ירושלים,913," 2,279 ", 291 , 226 , 221 , 189 , 228 , 132 , 98 , 71 , 72 , 61 , 54 , 55 , 80 , 108 , 121 , 272 ,
3000,ירושלים,914," 8,740 "," 1,546 "," 1,355 "," 1,200 ", 975 , 796 , 477 , 436 , 449 , 350 , 249 , 191 , 173 , 138 , 109 , 122 , 175 ,
3000,ירושלים,915," 6,579 "," 1,215 ", 966 , 871 , 638 , 600 , 433 , 307 , 286 , 255 , 237 , 177 , 172 , 128 , 84 , 69 , 140 ,
3000,ירושלים,921," 3,738 ", 554 , 499 , 462 , 287 , 273 , 219 , 180 , 194 , 151 , 136 , 122 , 114 , 98 , 80 , 137 , 232 ,
3000,ירושלים,922," 3,133 ", 493 , 443 , 378 , 295 , 242 , 193 , 163 , 159 , 139 , 102 , 104 , 86 , 90 , 56 , 36 , 153 ,
3000,ירושלים,923," 6,446 ", 997 , 910 , 884 , 651 , 477 , 383 , 374 , 332 , 272 , 222 , 185 , 159 , 138 , 133 , 130 , 200 ,
3000,ירושלים,924, 38 , .. , .. , .. , .. , 4 , .. , .. , .. , .. , .. , .. , .. , .. , 4 , .. , 7 ,
3000,ירושלים,925, 669 , 63 , 58 , 53 , 37 , 24 , 26 , 38 , 51 , 51 , 36 , 37 , 30 , 30 , 40 , 42 , 52 ,
3000,ירושלים,931," 2,929 ", 358 , 257 , 235 , 208 , 256 , 239 , 204 , 158 , 82 , 70 , 95 , 121 , 174 , 186 , 135 , 150 ,
3000,ירושלים,932," 6,402 ", 695 , 530 , 626 ," 1,069 ", 753 , 472 , 304 , 201 , 178 , 176 , 259 , 244 , 261 , 268 , 181 , 184 ,
3000,ירושלים,933," 4,565 ", 508 , 420 , 522 , 646 , 641 , 329 , 167 , 136 , 149 , 157 , 201 , 171 , 189 , 124 , 99 , 106 ,
3000,ירושלים,934," 2,229 ", 257 , 200 , 226 , 183 , 242 , 179 , 126 , 123 , 80 , 61 , 49 , 97 , 118 , 108 , 86 , 93 ,
3000,ירושלים,1011," 4,499 ", 390 , 330 , 297 , 246 , 277 , 322 , 296 , 313 , 249 , 266 , 217 , 181 , 203 , 182 , 222 , 509 ,
3000,ירושלים,1012," 5,215 ", 270 , 343 , 358 , 353 , 309 , 217 , 167 , 229 , 251 , 326 , 324 , 239 , 212 , 232 , 322 ," 1,064 ",
3000,ירושלים,1013," 4,393 ", 357 , 366 , 365 , 341 , 230 , 242 , 218 , 289 , 282 , 304 , 264 , 209 , 195 , 178 , 182 , 372 ,
3000,ירושלים,1014," 3,250 ", 246 , 204 , 282 , 284 , 223 , 213 , 211 , 184 , 195 , 180 , 185 , 169 , 146 , 126 , 122 , 281 ,
3000,ירושלים,1015," 5,547 ", 853 , 730 , 585 , 291 , 409 , 446 , 422 , 369 , 265 , 181 , 180 , 170 , 144 , 118 , 123 , 260 ,
3000,ירושלים,1016," 3,863 ", 475 , 468 , 470 , 559 , 357 , 204 , 212 , 217 , 180 , 102 , 80 , 70 , 89 , 88 , 79 , 213 ,
3000,ירושלים,1021," 1,116 ", 127 , 58 , 51 , 38 , 88 , 134 , 88 , 85 , 35 , 36 , 33 , 53 , 78 , 79 , 74 , 60 ,
3000,ירושלים,1022," 1,720 ", 114 , 157 , 145 , 117 , 81 , 65 , 61 , 113 , 112 , 115 , 101 , 78 , 73 , 77 , 87 , 225 ,
3000,ירושלים,1024, 266 , .. , 4 , .. , 13 , 152 , 57 , 9 , .. , .. , .. , .. , 5 , 4 , .. , .. , .. ,
3000,ירושלים,1031," 7,014 ", 884 , 766 , 739 , 823 , 829 , 535 , 305 , 320 , 248 , 197 , 189 , 185 , 197 , 159 , 163 , 475 ,
3000,ירושלים,1032," 4,112 ", 719 , 585 , 471 , 283 , 283 , 299 , 263 , 248 , 183 , 133 , 107 , 90 , 73 , 71 , 95 , 210 ,
3000,ירושלים,1034," 4,797 ", 718 , 572 , 514 , 565 , 390 , 287 , 221 , 200 , 173 , 125 , 122 , 111 , 100 , 114 , 167 , 418 ,
3000,ירושלים,1035," 5,799 ", 624 , 514 , 581 ," 1,657 ", 892 , 368 , 217 , 207 , 120 , 95 , 89 , 76 , 87 , 66 , 73 , 132 ,
3000,ירושלים,1041," 2,098 ", 130 , 163 , 183 , 155 , 184 , 99 , 75 , 99 , 106 , 143 , 113 , 123 , 90 , 116 , 117 , 202 ,
3000,ירושלים,1042," 2,493 ", 310 , 207 , 145 , 98 , 163 , 165 , 185 , 137 , 135 , 118 , 70 , 109 , 124 , 149 , 161 , 217 ,
3000,ירושלים,1043," 4,685 ", 480 , 470 , 446 , 392 , 441 , 326 , 238 , 210 , 236 , 214 , 179 , 181 , 202 , 248 , 204 , 220 ,
3000,ירושלים,1044," 2,477 ", 215 , 208 , 188 , 175 , 179 , 151 , 141 , 153 , 128 , 89 , 112 , 128 , 128 , 154 , 142 , 186 ,
3000,ירושלים,1115," 1,860 ", 142 , 122 , 143 , 178 , 92 , 99 , 111 , 124 , 124 , 100 , 84 , 94 , 92 , 119 , 89 , 150 ,
3000,ירושלים,1121," 2,800 ", 314 , 222 , 128 , 302 , 268 , 174 , 189 , 159 , 134 , 103 , 86 , 121 , 98 , 104 , 97 , 302 ,
3000,ירושלים,1122," 4,901 "," 1,028 ", 601 , 305 , 183 , 293 , 568 , 393 , 264 , 161 , 162 , 119 , 125 , 142 , 142 , 148 , 268 ,
3000,ירושלים,1123," 1,914 ", 264 , 244 , 204 , 101 , 100 , 128 , 119 , 157 , 83 , 68 , 54 , 73 , 73 , 65 , 78 , 102 ,
3000,ירושלים,1124," 4,054 ", 686 , 565 , 412 , 171 , 208 , 261 , 283 , 325 , 216 , 152 , 118 , 119 , 107 , 131 , 95 , 204 ,
3000,ירושלים,1131," 2,617 ", 281 , 216 , 159 , 104 , 145 , 153 , 177 , 180 , 130 , 130 , 102 , 117 , 96 , 109 , 112 , 405 ,
3000,ירושלים,1132," 4,531 ", 713 , 543 , 285 , 169 , 274 , 372 , 387 , 326 , 179 , 162 , 161 , 167 , 171 , 155 , 162 , 306 ,
3000,ירושלים,1133," 1,832 ", 168 , 138 , 115 , 103 , 145 , 126 , 137 , 107 , 93 , 96 , 82 , 88 , 106 , 120 , 85 , 121 ,
3000,ירושלים,1134," 1,522 ", 111 , 83 , 87 , 315 , 88 , 89 , 100 , 74 , 59 , 56 , 69 , 75 , 84 , 64 , 65 , 103 ,
3000,ירושלים,1141," 4,460 ", 520 , 432 , 321 , 278 , 284 , 314 , 352 , 276 , 238 , 189 , 161 , 192 , 200 , 216 , 165 , 322 ,
3000,ירושלים,1142," 1,909 ", 186 , 178 , 143 , 111 , 114 , 116 , 156 , 124 , 101 , 96 , 93 , 118 , 101 , 79 , 72 , 122 ,
3000,ירושלים,1143," 3,990 ", 486 , 410 , 228 , 215 , 280 , 341 , 309 , 296 , 211 , 146 , 187 , 191 , 183 , 151 , 132 , 226 ,
3000,ירושלים,1144," 3,929 ", 184 , 257 , 337 , 404 , 438 , 243 , 147 , 144 , 198 , 270 , 331 , 258 , 199 , 167 , 139 , 212 ,
3000,ירושלים,1145, .. , .. , .. , .. , .. , .. , .. , .. , .. , .. , .. , .. , .. , .. , .. , .. , .. ,
3000,ירושלים,1147," 3,550 ", 188 , 172 , 206 , 232 , 312 , 306 , 236 , 137 , 132 , 172 , 183 , 225 , 322 , 285 , 217 , 226 ,
3000,ירושלים,1211," 2,050 ", 206 , 164 , 120 , 101 , 158 , 194 , 192 , 128 , 112 , 88 , 81 , 99 , 113 , 125 , 59 , 112 ,
3000,ירושלים,1212," 2,935 ", 273 , 215 , 179 , 135 , 218 , 263 , 231 , 178 , 130 , 139 , 154 , 181 , 175 , 138 , 107 , 220 ,
3000,ירושלים,1213," 2,367 ", 224 , 200 , 157 , 129 , 179 , 144 , 171 , 178 , 133 , 110 , 84 , 110 , 123 , 138 , 145 , 142 ,
3000,ירושלים,1214," 2,435 ", 230 , 221 , 209 , 148 , 161 , 158 , 152 , 179 , 142 , 119 , 111 , 108 , 136 , 123 , 82 , 154 ,
3000,ירושלים,1215," 5,318 ", 526 , 511 , 463 , 290 , 260 , 307 , 359 , 383 , 372 , 268 , 221 , 206 , 246 , 267 , 223 , 417 ,
3000,ירושלים,1216," 4,056 ", 383 , 302 , 240 , 271 , 284 , 252 , 295 , 285 , 225 , 197 , 158 , 179 , 175 , 191 , 208 , 413 ,
3000,ירושלים,1217," 4,057 ", 442 , 413 , 305 , 200 , 201 , 253 , 287 , 314 , 272 , 223 , 180 , 156 , 181 , 191 , 153 , 287 ,
3000,ירושלים,1221," 6,812 ", 879 , 712 , 551 ," 1,029 ", 855 , 430 , 410 , 358 , 276 , 206 , 137 , 136 , 160 , 185 , 196 , 295 ,
3000,ירושלים,1222," 4,746 ", 400 , 382 , 383 , 273 , 211 , 303 , 355 , 337 , 277 , 232 , 193 , 165 , 190 , 222 , 250 , 573 ,
3000,ירושלים,1223," 3,586 ", 352 , 271 , 177 , 135 , 195 , 305 , 309 , 266 , 215 , 171 , 134 , 136 , 123 , 159 , 183 , 455 ,
3000,ירושלים,1311," 2,413 ", 233 , 169 , 154 , 112 , 131 , 177 , 198 , 154 , 110 , 107 , 88 , 98 , 133 , 149 , 148 , 252 ,
3000,ירושלים,1312," 3,337 ", 286 , 214 , 184 , 139 , 145 , 227 , 243 , 240 , 154 , 172 , 119 , 127 , 142 , 181 , 231 , 532 ,
3000,ירושלים,1313," 1,797 ", 127 , 97 , 98 , 150 , 105 , 123 , 133 , 95 , 85 , 92 , 72 , 65 , 87 , 95 , 119 , 254 ,
3000,ירושלים,1314," 1,915 ", 137 , 105 , 107 , 91 , 116 , 125 , 113 , 110 , 97 , 76 , 73 , 78 , 102 , 143 , 174 , 268 ,
3000,ירושלים,1321," 2,054 ", 149 , 89 , 61 , 52 , 114 , 251 , 187 , 136 , 79 , 69 , 72 , 82 , 96 , 111 , 135 , 371 ,
3000,ירושלים,1322," 1,007 ", 78 , 46 , 26 , 16 , 87 , 151 , 107 , 65 , 43 , 38 , 29 , 43 , 49 , 62 , 45 , 121 ,
3000,ירושלים,1333," 1,862 ", 109 , 115 , 108 , 91 , 150 , 145 , 96 , 81 , 73 , 104 , 85 , 79 , 121 , 105 , 101 , 299 ,
3000,ירושלים,1334," 2,386 ", 140 , 146 , 185 , 160 , 171 , 176 , 114 , 113 , 117 , 103 , 119 , 102 , 143 , 171 , 148 , 277 ,
3000,ירושלים,1335," 2,844 ", 265 , 230 , 220 , 143 , 189 , 188 , 199 , 212 , 149 , 146 , 124 , 140 , 138 , 169 , 126 , 204 ,
3000,ירושלים,1336," 1,189 ", 77 , 82 , 64 , 44 , 59 , 76 , 49 , 61 , 55 , 49 , 62 , 52 , 59 , 89 , 119 , 193 ,
3000,ירושלים,1337," 2,061 ", 138 , 109 , 111 , 76 , 142 , 106 , 108 , 104 , 92 , 90 , 90 , 91 , 110 , 158 , 153 , 384 ,
3000,ירושלים,1341," 3,006 ", 223 , 227 , 186 , 148 , 133 , 136 , 161 , 151 , 163 , 144 , 122 , 129 , 172 , 202 , 269 , 442 ,
3000,ירושלים,1342," 4,322 ", 345 , 307 , 281 , 232 , 259 , 262 , 226 , 255 , 259 , 251 , 165 , 179 , 223 , 237 , 276 , 565 ,
3000,ירושלים,1343," 3,809 ", 304 , 280 , 300 , 271 , 271 , 223 , 217 , 207 , 185 , 191 , 193 , 189 , 240 , 272 , 228 , 236 ,
3000,ירושלים,1344," 2,867 ", 252 , 186 , 169 , 162 , 242 , 274 , 232 , 188 , 177 , 117 , 139 , 144 , 151 , 134 , 112 , 191 ,
3000,ירושלים,1345," 1,571 ", 170 , 100 , 105 , 122 , 175 , 85 , 80 , 81 , 87 , 52 , 54 , 41 , 60 , 78 , 79 , 202 ,
3000,ירושלים,1346," 1,977 ", 182 , 171 , 161 , 106 , 120 , 113 , 118 , 121 , 113 , 97 , 82 , 84 , 110 , 124 , 95 , 179 ,
3000,ירושלים,1351," 4,011 ", 339 , 374 , 325 , 214 , 251 , 268 , 259 , 297 , 277 , 215 , 163 , 156 , 242 , 267 , 204 , 158 ,
3000,ירושלים,1352," 2,475 ", 224 , 230 , 192 , 131 , 147 , 136 , 158 , 171 , 148 , 121 , 108 , 109 , 128 , 167 , 143 , 163 ,
3000,ירושלים,1353," 1,969 ", 154 , 144 , 138 , 108 , 126 , 128 , 145 , 138 , 107 , 111 , 89 , 79 , 123 , 149 , 107 , 123 ,
3000,ירושלים,1354," 2,109 ", 154 , 156 , 139 , 83 , 97 , 93 , 105 , 139 , 136 , 108 , 99 , 82 , 105 , 154 , 160 , 298 ,
3000,ירושלים,1355," 2,529 ", 223 , 192 , 208 , 102 , 157 , 154 , 175 , 166 , 176 , 149 , 102 , 110 , 145 , 116 , 143 , 210 ,
3000,ירושלים,1622," 17,482 "," 1,821 "," 2,219 "," 2,220 "," 1,658 "," 1,318 ", 924 , 878 ," 1,052 "," 1,145 "," 1,099 ", 804 , 513 , 519 , 512 , 375 , 425 ,
3000,ירושלים,1623," 7,467 "," 1,077 "," 1,127 ", 842 , 529 , 368 , 326 , 610 , 680 , 526 , 402 , 245 , 188 , 168 , 159 , 108 , 113 ,
3000,ירושלים,1631," 3,340 ", 650 , 395 , 165 , 109 , 208 , 353 , 307 , 184 , 145 , 113 , 77 , 89 , 118 , 123 , 139 , 163 ,
3000,ירושלים,1632," 5,486 ", 517 , 473 , 400 , 402 , 396 , 444 , 346 , 309 , 251 , 247 , 280 , 234 , 268 , 298 , 258 , 364 ,
3000,ירושלים,1633," 5,258 ", 553 , 458 , 440 , 300 , 339 , 412 , 384 , 322 , 224 , 258 , 194 , 221 , 243 , 268 , 243 , 401 ,
3000,ירושלים,1634," 4,509 ", 443 , 371 , 286 , 286 , 282 , 303 , 312 , 289 , 209 , 222 , 202 , 159 , 258 , 317 , 282 , 286 ,
3000,ירושלים,1641," 3,234 ", 353 , 298 , 220 , 176 , 196 , 234 , 240 , 210 , 151 , 168 , 156 , 144 , 154 , 178 , 138 , 218 ,
3000,ירושלים,1642," 2,676 ", 284 , 230 , 183 , 192 , 181 , 191 , 198 , 172 , 147 , 131 , 131 , 111 , 154 , 139 , 112 , 120 ,
3000,ירושלים,1643," 2,434 ", 275 , 225 , 171 , 132 , 152 , 176 , 222 , 185 , 120 , 117 , 122 , 102 , 125 , 137 , 74 , 99 ,
3000,ירושלים,1644," 2,307 ", 190 , 170 , 144 , 167 , 189 , 176 , 160 , 130 , 92 , 102 , 143 , 160 , 152 , 158 , 88 , 88 ,
3000,ירושלים,2111, 8 , .. , .. , .. , .. , .. , .. , .. , .. , .. , .. , .. , .. , .. , .. , .. , .. ,
3000,ירושלים,2112, 68 , 8 , 10 , 7 , 4 , 8 , 6 , 5 , .. , .. , .. , .. , .. , .. , .. , .. , 6 ,
3000,ירושלים,2211, 59 , 11 , 14 , 8 , .. , .. , 4 , 8 , .. , .. , .. , .. , .. , .. , .. , .. , .. ,
3000,ירושלים,2212, 18 , 4 , .. , .. , .. , .. , .. , .. , .. , .. , .. , .. , .. , 5 , .. , .. , .. ,
3000,ירושלים,2213, 7 , .. , .. , .. , .. , .. , .. , .. , .. , .. , .. , .. , .. , .. , .. , .. , .. ,
3000,ירושלים,2311, 6 , .. , .. , .. , .. , .. , .. , .. , .. , .. , .. , .. , .. , .. , .. , .. , .. ,
3000,ירושלים,2312, 128 , 33 , 15 , 9 , 8 , 11 , 14 , 9 , 7 , .. , 6 , 6 , .. , .. , .. , .. , .. ,
3000,ירושלים,2411, 151 , 32 , 16 , 5 , 40 , 13 , 20 , 7 , 7 , 7 , .. , .. , .. , .. , .. , .. , .. ,
3000,ירושלים,2412, 61 , 16 , 5 , 4 , .. , 5 , 7 , .. , 6 , .. , .. , 4 , .. , .. , .. , .. , .. ,
3000,ירושלים,2511, 444 , 82 , 48 , 39 , 48 , 65 , 48 , 23 , 19 , 14 , 15 , 10 , 9 , 17 , .. , .. , .. ,
3000,ירושלים,2512," 2,078 ", 249 , 201 , 159 , 323 , 315 , 180 , 102 , 68 , 57 , 59 , 59 , 49 , 51 , 57 , 54 , 96 ,
3000,ירושלים,2513," 1,015 ", 148 , 135 , 117 , 81 , 68 , 69 , 80 , 42 , 38 , 38 , 24 , 30 , 34 , 40 , 29 , 41 ,
3000,ירושלים,2514, 128 , 19 , 25 , 23 , 8 , 8 , 6 , .. , 9 , 11 , 6 , 4 , .. , .. , .. , .. , .. ,
3000,ירושלים,2611, 655 , 141 , 110 , 91 , 32 , 44 , 54 , 38 , 46 , 32 , 22 , 18 , 10 , 9 , 5 , .. , .. ,
3000,ירושלים,2612, 79 , 9 , 7 , 6 , 5 , 6 , .. , 5 , 6 , .. , 5 , .. , 4 , .. , .. , 8 , 9 ,
3000,ירושלים,2613, 711 , 146 , 127 , 97 , 44 , 46 , 62 , 50 , 37 , 29 , 29 , 15 , 9 , 10 , 7 , .. , 4 ,
3000,ירושלים,2711, 153 , 26 , 24 , 13 , 11 , 15 , 5 , 15 , 10 , 8 , 8 , 6 , .. , 4 , .. , .. , .. ,
3000,ירושלים,2811, 27 , .. , .. , .. , 4 , .. , .. , .. , .. , .. , .. , .. , .. , .. , .. , .. , .. ,
3000,ירושלים,2812, .. , .. , .. , .. , .. , .. , .. , .. , .. , .. , .. , .. , .. , .. , .. , .. , .. ,
3000,ירושלים,2911, 54 , 9 , 10 , 9 , .. , .. , .. , .. , .. , .. , .. , .. , .. , .. , .. , .. , .. ,
7000,לוד,12, 74 , 8 , 4 , 6 , 4 , .. , .. , .. , .. , .. , .. , 4 , .. , .. , 8 , 5 , 24 ,
7000,לוד,13," 6,002 ", 733 , 735 , 529 , 310 , 303 , 425 , 506 , 414 , 332 , 241 , 217 , 220 , 221 , 230 , 182 , 404 ,
7000,לוד,14, 742 , 65 , 39 , 27 , 19 , 25 , 50 , 42 , 39 , 43 , 39 , 33 , 42 , 58 , 50 , 70 , 100 ,
7000,לוד,15, 695 , 90 , 47 , 28 , 68 , 50 , 69 , 62 , 35 , 31 , 33 , 22 , 23 , 28 , 46 , 29 , 36 ,
7000,לוד,21," 2,785 ", 321 , 354 , 251 , 92 , 95 , 143 , 199 , 227 , 119 , 77 , 69 , 111 , 154 , 183 , 179 , 213 ,
7000,לוד,22," 3,059 ", 225 , 204 , 166 , 198 , 192 , 249 , 191 , 160 , 171 , 170 , 138 , 158 , 190 , 186 , 192 , 271 ,
7000,לוד,23," 8,246 "," 1,756 "," 1,151 ", 597 , 403 , 492 , 806 , 761 , 404 , 317 , 381 , 305 , 245 , 158 , 111 , 121 , 239 ,
7000,לוד,24," 2,595 ", 191 , 212 , 154 , 149 , 167 , 167 , 149 , 142 , 148 , 132 , 96 , 143 , 194 , 203 , 158 , 190 ,
7000,לוד,25," 2,476 ", 234 , 201 , 165 , 142 , 182 , 166 , 147 , 145 , 140 , 144 , 130 , 111 , 157 , 149 , 108 , 155 ,
7000,לוד,31," 1,963 ", 197 , 161 , 111 , 88 , 100 , 158 , 159 , 99 , 90 , 92 , 87 , 105 , 97 , 114 , 92 , 213 ,
7000,לוד,32," 4,256 ", 473 , 456 , 333 , 288 , 264 , 274 , 218 , 267 , 218 , 196 , 186 , 179 , 196 , 194 , 151 , 363 ,
7000,לוד,41," 2,324 ", 231 , 209 , 161 , 115 , 136 , 182 , 151 , 128 , 108 , 139 , 112 , 118 , 148 , 127 , 101 , 159 ,
7000,לוד,42," 6,454 ", 894 , 775 , 654 , 519 , 403 , 474 , 506 , 384 , 256 , 232 , 215 , 226 , 262 , 230 , 192 , 233 ,
7000,לוד,43," 1,422 ", 109 , 87 , 69 , 75 , 112 , 127 , 87 , 74 , 83 , 72 , 90 , 91 , 97 , 79 , 65 , 107 ,
7000,לוד,44, 30 , .. , 7 , 8 , .. , .. , .. , .. , .. , .. , .. , .. , .. , .. , .. , .. , 4 ,
7000,לוד,51," 2,283 ", 145 , 115 , 111 , 131 , 172 , 131 , 133 , 105 , 126 , 191 , 194 , 142 , 139 , 132 , 151 , 163 ,
7000,לוד,52," 1,682 ", 82 , 80 , 64 , 69 , 102 , 75 , 56 , 84 , 86 , 113 , 100 , 107 , 111 , 145 , 166 , 244 ,
7000,לוד,53," 2,141 ", 108 , 104 , 101 , 112 , 118 , 94 , 85 , 108 , 119 , 129 , 152 , 151 , 139 , 191 , 192 , 238 ,
7000,לוד,54," 1,267 ", 81 , 77 , 66 , 79 , 94 , 62 , 59 , 70 , 92 , 104 , 98 , 71 , 85 , 70 , 81 , 76 ,
1063,מעלות-תרשיחא,1," 2,967 ", 152 , 287 , 327 , 287 , 272 , 155 , 115 , 134 , 204 , 259 , 223 , 169 , 154 , 102 , 58 , 67 ,
1063,מעלות-תרשיחא,3," 2,935 ", 195 , 177 , 158 , 141 , 176 , 173 , 170 , 157 , 144 , 158 , 172 , 197 , 238 , 216 , 203 , 260 ,
1063,מעלות-תרשיחא,4," 4,292 ", 370 , 376 , 402 , 404 , 393 , 303 , 280 , 182 , 176 , 190 , 218 , 219 , 287 , 201 , 151 , 142 ,
1063,מעלות-תרשיחא,5," 4,129 ", 382 , 366 , 255 , 158 , 186 , 257 , 294 , 234 , 220 , 175 , 172 , 200 , 259 , 286 , 235 , 451 ,
1063,מעלות-תרשיחא,6, 59 , 15 , 9 , 10 , .. , 5 , 6 , .. , .. , .. , .. , .. , .. , .. , .. , .. , .. ,
1259,נווה שלום,, 151 , 16 , 10 , 9 , 7 , 11 , 6 , 8 , 24 , 5 , 7 , 7 , 10 , 16 , 9 , 7 , .. ,
1061,נוף הגליל,11," 3,185 ", 157 , 191 , 207 , 190 , 217 , 165 , 153 , 174 , 183 , 212 , 225 , 219 , 230 , 229 , 208 , 225 ,
1061,נוף הגליל,12," 2,396 ", 465 , 243 , 107 , 85 , 209 , 260 , 158 , 77 , 57 , 83 , 100 , 110 , 114 , 100 , 96 , 132 ,
1061,נוף הגליל,21, 815 , 70 , 59 , 33 , 32 , 40 , 44 , 45 , 27 , 30 , 28 , 39 , 50 , 58 , 58 , 68 , 133 ,
1061,נוף הגליל,22," 1,675 ", 110 , 90 , 81 , 63 , 89 , 71 , 79 , 66 , 77 , 72 , 78 , 99 , 89 , 101 , 143 , 366 ,
1061,נוף הגליל,23," 1,193 ", 90 , 87 , 59 , 103 , 73 , 44 , 57 , 75 , 53 , 63 , 43 , 70 , 61 , 72 , 88 , 156 ,
1061,נוף הגליל,24," 1,434 ", 99 , 82 , 70 , 59 , 65 , 86 , 66 , 59 , 66 , 50 , 77 , 85 , 103 , 119 , 132 , 217 ,
1061,נוף הגליל,31," 1,649 ", 57 , 76 , 69 , 66 , 85 , 86 , 71 , 61 , 63 , 95 , 106 , 134 , 152 , 153 , 135 , 242 ,
1061,נוף הגליל,32," 1,068 ", 62 , 38 , 42 , 54 , 67 , 77 , 59 , 52 , 53 , 47 , 60 , 82 , 96 , 103 , 102 , 72 ,
1061,נוף הגליל,33," 1,524 ", 73 , 85 , 72 , 51 , 75 , 85 , 86 , 86 , 82 , 66 , 81 , 101 , 130 , 124 , 163 , 166 ,
1061,נוף הגליל,34," 1,821 ", 111 , 85 , 106 , 138 , 107 , 94 , 101 , 84 , 84 , 109 , 98 , 104 , 125 , 118 , 153 , 204 ,
1061,נוף הגליל,41," 1,809 ", 83 , 67 , 46 , 53 , 76 , 89 , 92 , 75 , 86 , 76 , 77 , 102 , 123 , 181 , 176 , 406 ,
1061,נוף הגליל,42, 869 , 58 , 33 , 36 , 41 , 48 , 61 , 49 , 46 , 43 , 39 , 51 , 57 , 63 , 61 , 79 , 104 ,
1061,נוף הגליל,43," 3,302 ", 236 , 181 , 191 , 166 , 199 , 203 , 205 , 166 , 177 , 175 , 151 , 184 , 254 , 265 , 263 , 286 ,
7600,עכו,11," 2,009 ", 160 , 149 , 156 , 122 , 127 , 149 , 145 , 119 , 111 , 91 , 109 , 124 , 138 , 141 , 84 , 84 ,
7600,עכו,12," 3,959 ", 395 , 353 , 324 , 242 , 245 , 280 , 304 , 276 , 239 , 198 , 166 , 187 , 241 , 207 , 148 , 155 ,
7600,עכו,13," 4,760 ", 385 , 375 , 337 , 297 , 292 , 345 , 320 , 294 , 293 , 265 , 229 , 275 , 304 , 291 , 234 , 223 ,
7600,עכו,14," 2,813 ", 208 , 196 , 209 , 176 , 212 , 201 , 171 , 163 , 158 , 160 , 147 , 151 , 197 , 166 , 129 , 167 ,
7600,עכו,15," 2,784 ", 275 , 340 , 309 , 314 , 197 , 101 , 141 , 228 , 183 , 177 , 126 , 75 , 107 , 92 , 53 , 66 ,
7600,עכו,21," 1,842 ", 128 , 127 , 95 , 91 , 100 , 102 , 113 , 118 , 106 , 79 , 98 , 110 , 149 , 143 , 130 , 153 ,
7600,עכו,22," 2,244 ", 170 , 183 , 146 , 132 , 147 , 153 , 152 , 153 , 142 , 126 , 132 , 126 , 148 , 142 , 105 , 86 ,
7600,עכו,23," 2,193 ", 151 , 139 , 98 , 92 , 105 , 104 , 141 , 132 , 107 , 85 , 113 , 134 , 212 , 187 , 177 , 215 ,
7600,עכו,24, 924 , 47 , 42 , 29 , 26 , 35 , 62 , 52 , 38 , 25 , 43 , 51 , 55 , 82 , 72 , 83 , 180 ,
7600,עכו,25, 844 , 57 , 47 , 41 , 37 , 52 , 63 , 56 , 50 , 34 , 44 , 47 , 58 , 69 , 63 , 50 , 74 ,
7600,עכו,26, 694 , 20 , 20 , 21 , 60 , 31 , 37 , 36 , 23 , 23 , 28 , 41 , 51 , 61 , 62 , 63 , 117 ,
7600,עכו,31, 673 , 30 , 25 , 24 , 14 , 26 , 34 , 33 , 31 , 39 , 32 , 20 , 38 , 44 , 86 , 70 , 128 ,
7600,עכו,32," 1,167 ", 41 , 50 , 113 , 290 , 34 , 40 , 60 , 30 , 38 , 36 , 41 , 52 , 65 , 75 , 63 , 139 ,
7600,עכו,33, 96 , 16 , 16 , 17 , 4 , .. , .. , 6 , 7 , 5 , .. , 5 , 4 , .. , .. , .. , 4 ,
7600,עכו,34, 462 , 44 , 32 , 13 , 11 , 23 , 42 , 42 , 36 , 23 , 23 , 22 , 27 , 29 , 45 , 21 , 30 ,
7600,עכו,35," 1,531 ", 187 , 115 , 103 , 62 , 96 , 123 , 120 , 90 , 78 , 61 , 68 , 58 , 63 , 91 , 85 , 132 ,
8500,רמלה,11, 923 , .. , .. , .. , .. , 47 , 108 , 100 , 96 , 82 , 97 , 119 , 92 , 59 , 60 , 27 , 32 ,
8500,רמלה,12," 2,052 ", 139 , 115 , 110 , 116 , 130 , 135 , 125 , 121 , 100 , 101 , 93 , 140 , 158 , 144 , 150 , 175 ,
8500,רמלה,13," 4,851 ", 454 , 454 , 394 , 264 , 302 , 260 , 339 , 393 , 328 , 245 , 204 , 246 , 283 , 225 , 206 , 257 ,
8500,רמלה,14," 1,502 ", 78 , 64 , 77 , 79 , 101 , 87 , 56 , 65 , 54 , 77 , 100 , 91 , 85 , 74 , 109 , 305 ,
8500,רמלה,17, 959 , 73 , 79 , 41 , 53 , 60 , 56 , 56 , 56 , 40 , 40 , 38 , 58 , 83 , 88 , 44 , 94 ,
8500,רמלה,18, 265 , 15 , 14 , 8 , 10 , 22 , 11 , 10 , 7 , 10 , 19 , 15 , 22 , 29 , 33 , 9 , 31 ,
8500,רמלה,21," 1,929 ", 173 , 125 , 116 , 101 , 127 , 159 , 116 , 142 , 99 , 94 , 93 , 109 , 125 , 127 , 86 , 136 ,
8500,רמלה,22," 2,604 ", 202 , 217 , 135 , 187 , 192 , 171 , 172 , 144 , 140 , 143 , 128 , 149 , 151 , 158 , 108 , 206 ,
8500,רמלה,23," 1,111 ", 98 , 68 , 40 , 46 , 65 , 82 , 71 , 55 , 52 , 49 , 54 , 54 , 78 , 98 , 68 , 132 ,
8500,רמלה,24," 3,777 ", 278 , 290 , 242 , 237 , 250 , 254 , 207 , 205 , 215 , 233 , 173 , 226 , 257 , 257 , 171 , 282 ,
8500,רמלה,31," 4,144 ", 492 , 386 , 349 , 283 , 234 , 278 , 314 , 257 , 326 , 266 , 188 , 139 , 162 , 163 , 171 , 134 ,
8500,רמלה,32," 3,039 ", 291 , 241 , 213 , 192 , 209 , 242 , 202 , 213 , 175 , 162 , 164 , 169 , 159 , 181 , 94 , 134 ,
8500,רמלה,33," 2,320 ", 228 , 219 , 165 , 121 , 132 , 198 , 193 , 156 , 156 , 100 , 92 , 84 , 129 , 106 , 94 , 148 ,
8500,רמלה,34," 2,471 ", 215 , 181 , 152 , 152 , 171 , 192 , 189 , 173 , 150 , 129 , 105 , 111 , 146 , 138 , 106 , 161 ,
8500,רמלה,35," 2,893 ", 270 , 215 , 169 , 152 , 212 , 255 , 184 , 161 , 154 , 154 , 156 , 158 , 186 , 151 , 110 , 206 ,
8500,רמלה,41," 9,061 "," 1,039 "," 1,239 ", 971 , 611 , 503 , 438 , 552 , 955 , 816 , 495 , 365 , 290 , 288 , 218 , 153 , 128 ,
8500,רמלה,42," 4,218 ", 401 , 331 , 290 , 253 , 277 , 296 , 292 , 282 , 274 , 224 , 204 , 231 , 210 , 246 , 175 , 233 ,
8500,רמלה,43," 3,679 ", 314 , 263 , 263 , 244 , 264 , 266 , 240 , 221 , 211 , 187 , 186 , 188 , 215 , 243 , 166 , 206 ,
8500,רמלה,44," 2,556 ", 215 , 164 , 141 , 149 , 167 , 190 , 181 , 145 , 144 , 138 , 122 , 153 , 153 , 153 , 135 , 205 ,
8500,רמלה,45, 10 , 4 , .. , .. , .. , .. , .. , .. , .. , .. , .. , .. , .. , .. , .. , .. , .. ,
5000,תל אביב -יפו,113," 11,975 "," 1,106 "," 1,131 ", 894 , 698 , 590 , 521 , 704 , 972 , 985 , 874 , 710 , 518 , 508 , 536 , 599 , 629 ,
5000,תל אביב -יפו,114," 6,986 ", 587 , 501 , 455 , 373 , 379 , 317 , 458 , 503 , 510 , 454 , 382 , 319 , 332 , 364 , 418 , 634 ,
5000,תל אביב -יפו,115," 5,583 ", 479 , 488 , 341 , 247 , 225 , 240 , 312 , 445 , 453 , 343 , 262 , 235 , 316 , 369 , 390 , 439 ,
5000,תל אביב -יפו,117," 5,986 ", 433 , 451 , 387 , 300 , 256 , 223 , 279 , 385 , 429 , 431 , 311 , 318 , 341 , 431 , 511 , 501 ,
5000,תל אביב -יפו,121," 3,686 ", 260 , 261 , 230 , 181 , 197 , 197 , 206 , 250 , 265 , 222 , 170 , 157 , 217 , 257 , 277 , 337 ,
5000,תל אביב -יפו,122," 3,605 ", 204 , 264 , 259 , 159 , 162 , 155 , 175 , 218 , 233 , 237 , 145 , 183 , 207 , 284 , 315 , 406 ,
5000,תל אביב -יפו,123," 4,688 ", 384 , 375 , 287 , 200 , 177 , 230 , 303 , 411 , 351 , 311 , 205 , 192 , 198 , 331 , 339 , 393 ,
5000,תל אביב -יפו,124," 4,555 ", 253 , 354 , 303 , 250 , 202 , 171 , 157 , 229 , 291 , 340 , 214 , 219 , 229 , 195 , 277 , 871 ,
5000,תל אביב -יפו,125," 4,577 ", 363 , 409 , 296 , 215 , 206 , 270 , 320 , 358 , 398 , 303 , 217 , 189 , 174 , 174 , 231 , 453 ,
5000,תל אביב -יפו,131," 2,460 ", 157 , 164 , 173 , 161 , 129 , 110 , 100 , 139 , 149 , 157 , 126 , 117 , 148 , 138 , 152 , 340 ,
5000,תל אביב -יפו,132," 2,973 ", 233 , 195 , 136 , 101 , 132 , 276 , 239 , 273 , 219 , 188 , 124 , 140 , 100 , 131 , 118 , 368 ,
5000,תל אביב -יפו,133," 4,933 ", 403 , 325 , 219 , 180 , 211 , 467 , 453 , 400 , 345 , 316 , 248 , 196 , 169 , 195 , 199 , 606 ,
5000,תל אביב -יפו,134," 4,084 ", 210 , 264 , 229 , 221 , 559 , 633 , 283 , 220 , 232 , 240 , 181 , 153 , 135 , 121 , 101 , 301 ,
5000,תל אביב -יפו,211," 5,749 ", 358 , 451 , 514 , 480 , 360 , 231 , 238 , 351 , 414 , 487 , 415 , 285 , 242 , 246 , 299 , 378 ,
5000,תל אביב -יפו,212," 5,546 ", 445 , 431 , 395 , 320 , 271 , 260 , 301 , 441 , 472 , 416 , 303 , 266 , 247 , 304 , 326 , 348 ,
5000,תל אביב -יפו,213," 3,347 ", 249 , 324 , 336 , 225 , 189 , 131 , 141 , 196 , 278 , 284 , 214 , 188 , 158 , 93 , 91 , 249 ,
5000,תל אביב -יפו,214," 2,908 ", 153 , 157 , 176 , 177 , 162 , 188 , 175 , 198 , 180 , 194 , 185 , 138 , 143 , 147 , 163 , 372 ,
5000,תל אביב -יפו,215," 5,165 ", 383 , 394 , 335 , 472 , 343 , 221 , 347 , 423 , 430 , 437 , 271 , 210 , 199 , 201 , 196 , 301 ,
5000,תל אביב -יפו,216," 2,578 ", 196 , 199 , 185 , 110 , 107 , 134 , 154 , 219 , 237 , 187 , 137 , 108 , 122 , 159 , 151 , 171 ,
5000,תל אביב -יפו,222," 4,029 ", 351 , 366 , 322 , 257 , 155 , 122 , 195 , 283 , 378 , 326 , 223 , 169 , 152 , 167 , 175 , 388 ,
5000,תל אביב -יפו,223," 5,225 ", 299 , 400 , 467 , 427 , 387 , 277 , 228 , 262 , 375 , 446 , 388 , 316 , 262 , 236 , 244 , 211 ,
5000,תל אביב -יפו,224," 2,105 ", 98 , 127 , 202 , 178 , 169 , 104 , 85 , 110 , 90 , 136 , 150 , 129 , 161 , 148 , 95 , 120 ,
5000,תל אביב -יפו,225," 3,643 ", 315 , 213 , 164 , 133 , 165 , 329 , 355 , 355 , 273 , 207 , 171 , 211 , 201 , 173 , 153 , 225 ,
5000,תל אביב -יפו,226," 4,736 ", 490 , 314 , 282 , 285 , 218 , 315 , 480 , 441 , 292 , 262 , 256 , 218 , 232 , 209 , 161 , 281 ,
5000,תל אביב -יפו,231," 4,067 ", 177 , 321 , 363 , 339 , 278 , 174 , 141 , 159 , 292 , 375 , 305 , 188 , 220 , 209 , 238 , 289 ,
5000,תל אביב -יפו,232," 2,653 ", 129 , 171 , 233 , 216 , 191 , 131 , 116 , 106 , 156 , 243 , 187 , 156 , 103 , 113 , 149 , 255 ,
5000,תל אביב -יפו,233," 3,865 ", 232 , 317 , 312 , 273 , 229 , 207 , 196 , 240 , 297 , 321 , 255 , 222 , 175 , 188 , 167 , 235 ,
5000,תל אביב -יפו,234, 245 , .. , .. , .. , .. , .. , .. , .. , .. , .. , .. , .. , .. , .. , .. , .. , 231 ,
5000,תל אביב -יפו,312," 2,295 ", 130 , 102 , 77 , 52 , 67 , 333 , 374 , 237 , 187 , 147 , 78 , 87 , 84 , 86 , 89 , 163 ,
5000,תל אביב -יפו,313," 1,995 ", 152 , 76 , 48 , 49 , 50 , 240 , 380 , 262 , 151 , 115 , 76 , 66 , 75 , 96 , 53 , 107 ,
5000,תל אביב -יפו,314," 4,265 ", 366 , 205 , 139 , 55 , 95 , 489 , 745 , 619 , 357 , 257 , 137 , 110 , 130 , 132 , 151 , 280 ,
5000,תל אביב -יפו,315," 3,762 ", 290 , 103 , 74 , 37 , 100 , 538 , 816 , 516 , 290 , 168 , 140 , 106 , 118 , 118 , 129 , 221 ,
5000,תל אביב -יפו,316," 1,777 ", 142 , 80 , 44 , 28 , 57 , 239 , 329 , 232 , 137 , 71 , 65 , 56 , 63 , 58 , 60 , 116 ,
5000,תל אביב -יפו,317," 2,069 ", 126 , 89 , 72 , 48 , 85 , 306 , 354 , 254 , 143 , 122 , 78 , 69 , 55 , 74 , 65 , 131 ,
5000,תל אביב -יפו,321," 1,721 ", 108 , 101 , 63 , 41 , 81 , 253 , 260 , 208 , 120 , 78 , 61 , 64 , 46 , 60 , 61 , 115 ,
5000,תל אביב -יפו,322," 1,651 ", 144 , 79 , 67 , 43 , 57 , 190 , 266 , 164 , 117 , 92 , 78 , 72 , 67 , 56 , 59 , 100 ,
5000,תל אביב -יפו,323," 4,074 ", 294 , 175 , 109 , 70 , 123 , 556 , 858 , 500 , 324 , 205 , 157 , 112 , 138 , 129 , 123 , 200 ,
5000,תל אביב -יפו,324," 2,212 ", 137 , 72 , 47 , 32 , 66 , 321 , 500 , 279 , 162 , 99 , 83 , 63 , 67 , 66 , 65 , 154 ,
5000,תל אביב -יפו,325," 3,680 ", 254 , 179 , 118 , 86 , 103 , 456 , 624 , 445 , 276 , 215 , 120 , 115 , 133 , 144 , 139 , 272 ,
5000,תל אביב -יפו,326," 2,690 ", 153 , 88 , 74 , 28 , 83 , 387 , 525 , 320 , 209 , 136 , 92 , 88 , 84 , 77 , 92 , 257 ,
5000,תל אביב -יפו,333," 1,396 ", 73 , 38 , 28 , 26 , 56 , 252 , 248 , 163 , 97 , 69 , 62 , 37 , 50 , 52 , 55 , 91 ,
5000,תל אביב -יפו,334," 2,131 ", 109 , 74 , 48 , 31 , 111 , 375 , 375 , 239 , 135 , 107 , 98 , 61 , 73 , 89 , 62 , 143 ,
5000,תל אביב -יפו,335," 1,526 ", 66 , 48 , 36 , 25 , 67 , 241 , 252 , 140 , 99 , 71 , 56 , 64 , 64 , 82 , 74 , 142 ,
5000,תל אביב -יפו,336," 1,938 ", 101 , 67 , 51 , 37 , 86 , 321 , 322 , 223 , 130 , 97 , 71 , 64 , 80 , 82 , 91 , 115 ,
5000,תל אביב -יפו,337," 1,814 ", 111 , 54 , 37 , 28 , 61 , 274 , 398 , 250 , 128 , 91 , 68 , 44 , 64 , 63 , 49 , 96 ,
5000,תל אביב -יפו,338," 1,826 ", 133 , 89 , 45 , 44 , 60 , 204 , 266 , 229 , 123 , 94 , 89 , 81 , 79 , 69 , 73 , 149 ,
5000,תל אביב -יפו,341," 2,043 ", 134 , 65 , 62 , 27 , 68 , 363 , 433 , 214 , 182 , 104 , 62 , 47 , 61 , 61 , 61 , 98 ,
5000,תל אביב -יפו,342," 2,068 ", 116 , 65 , 54 , 26 , 64 , 368 , 440 , 220 , 156 , 114 , 72 , 52 , 47 , 79 , 76 , 117 ,
5000,תל אביב -יפו,343," 2,129 ", 119 , 65 , 71 , 38 , 70 , 370 , 448 , 254 , 131 , 105 , 71 , 71 , 67 , 57 , 74 , 117 ,
5000,תל אביב -יפו,344," 1,929 ", 100 , 54 , 44 , 19 , 52 , 337 , 385 , 234 , 132 , 106 , 81 , 51 , 39 , 65 , 68 , 162 ,
5000,תל אביב -יפו,345," 2,206 ", 141 , 115 , 108 , 68 , 107 , 298 , 320 , 209 , 155 , 143 , 100 , 82 , 74 , 89 , 70 , 126 ,
5000,תל אביב -יפו,346," 2,468 ", 142 , 95 , 84 , 63 , 93 , 386 , 447 , 282 , 189 , 167 , 95 , 61 , 77 , 72 , 87 , 129 ,
5000,תל אביב -יפו,347," 2,925 ", 182 , 120 , 82 , 71 , 112 , 462 , 514 , 310 , 224 , 163 , 105 , 82 , 103 , 110 , 102 , 184 ,
5000,תל אביב -יפו,348," 1,213 ", 76 , 39 , 28 , 14 , 33 , 237 , 272 , 141 , 83 , 59 , 39 , 32 , 31 , 34 , 36 , 59 ,
5000,תל אביב -יפו,349," 1,631 ", 95 , 58 , 47 , 34 , 59 , 256 , 306 , 178 , 122 , 75 , 53 , 48 , 61 , 67 , 52 , 120 ,
5000,תל אביב -יפו,411," 4,996 ", 609 , 425 , 267 , 142 , 130 , 201 , 445 , 593 , 494 , 336 , 211 , 128 , 149 , 172 , 217 , 478 ,
5000,תל אביב -יפו,412," 4,796 ", 474 , 452 , 326 , 228 , 156 , 157 , 270 , 470 , 448 , 341 , 248 , 142 , 156 , 203 , 258 , 466 ,
5000,תל אביב -יפו,413," 3,714 ", 343 , 234 , 149 , 96 , 127 , 294 , 503 , 513 , 301 , 228 , 145 , 117 , 124 , 100 , 153 , 287 ,
5000,תל אביב -יפו,414," 2,983 ", 251 , 177 , 103 , 45 , 88 , 306 , 517 , 409 , 266 , 190 , 108 , 81 , 98 , 93 , 90 , 160 ,
5000,תל אביב -יפו,415," 3,938 ", 309 , 296 , 181 , 127 , 112 , 413 , 570 , 454 , 367 , 264 , 166 , 138 , 114 , 113 , 113 , 204 ,
5000,תל אביב -יפו,421," 2,579 ", 277 , 189 , 94 , 63 , 79 , 259 , 365 , 320 , 227 , 148 , 92 , 58 , 65 , 78 , 67 , 200 ,
5000,תל אביב -יפו,422," 3,415 ", 330 , 303 , 219 , 87 , 91 , 193 , 297 , 339 , 329 , 211 , 127 , 105 , 118 , 148 , 147 , 371 ,
5000,תל אביב -יפו,423," 3,209 ", 273 , 278 , 197 , 133 , 124 , 158 , 208 , 278 , 225 , 225 , 141 , 122 , 123 , 150 , 162 , 411 ,
5000,תל אביב -יפו,424," 3,001 ", 330 , 192 , 117 , 77 , 87 , 276 , 394 , 342 , 217 , 192 , 108 , 104 , 90 , 84 , 104 , 287 ,
5000,תל אביב -יפו,427," 2,342 ", 200 , 141 , 98 , 70 , 92 , 231 , 308 , 250 , 189 , 136 , 102 , 89 , 75 , 98 , 94 , 168 ,
5000,תל אביב -יפו,431," 2,656 ", 185 , 114 , 120 , 67 , 108 , 344 , 494 , 252 , 169 , 147 , 123 , 101 , 88 , 79 , 86 , 179 ,
5000,תל אביב -יפו,432," 3,967 ", 294 , 260 , 206 , 194 , 127 , 286 , 386 , 348 , 305 , 242 , 172 , 152 , 178 , 176 , 191 , 451 ,
5000,תל אביב -יפו,433," 3,134 ", 241 , 187 , 142 , 105 , 102 , 309 , 409 , 294 , 242 , 203 , 134 , 114 , 116 , 126 , 142 , 268 ,
5000,תל אביב -יפו,434, 77 , .. , 5 , 14 , 10 , .. , .. , .. , .. , .. , .. , .. , .. , .. , .. , .. , 34 ,
5000,תל אביב -יפו,435," 1,123 ", 115 , 62 , 9 , 7 , 18 , 33 , 113 , 126 , 75 , 55 , 31 , 26 , 35 , 26 , 34 , 358 ,
5000,תל אביב -יפו,436," 1,977 ", 156 , 119 , 78 , 125 , 135 , 274 , 324 , 194 , 101 , 105 , 58 , 54 , 41 , 51 , 65 , 97 ,
5000,תל אביב -יפו,437," 2,500 ", 220 , 140 , 78 , 90 , 105 , 155 , 194 , 200 , 141 , 120 , 131 , 109 , 160 , 228 , 222 , 206 ,
5000,תל אביב -יפו,511," 1,165 ", 43 , 21 , 24 , 17 , 52 , 195 , 193 , 85 , 73 , 58 , 64 , 54 , 50 , 62 , 63 , 111 ,
5000,תל אביב -יפו,512," 2,130 ", 89 , 70 , 48 , 44 , 90 , 337 , 418 , 217 , 170 , 115 , 89 , 80 , 72 , 97 , 78 , 118 ,
5000,תל אביב -יפו,513," 2,558 ", 157 , 95 , 85 , 69 , 105 , 323 , 430 , 288 , 174 , 136 , 128 , 111 , 107 , 127 , 98 , 125 ,
5000,תל אביב -יפו,514," 2,668 ", 166 , 110 , 74 , 45 , 116 , 412 , 460 , 309 , 207 , 131 , 107 , 96 , 112 , 85 , 88 , 152 ,
5000,תל אביב -יפו,515," 3,588 ", 258 , 200 , 120 , 78 , 115 , 466 , 586 , 431 , 283 , 224 , 141 , 127 , 106 , 129 , 114 , 211 ,
5000,תל אביב -יפו,516," 4,223 ", 305 , 226 , 133 , 106 , 167 , 594 , 699 , 510 , 360 , 241 , 175 , 134 , 133 , 138 , 123 , 179 ,
5000,תל אביב -יפו,517," 3,245 ", 213 , 143 , 111 , 72 , 112 , 497 , 515 , 387 , 250 , 175 , 141 , 129 , 121 , 102 , 108 , 171 ,
5000,תל אביב -יפו,521," 1,559 ", 77 , 45 , 33 , 18 , 73 , 230 , 297 , 166 , 115 , 79 , 77 , 63 , 70 , 73 , 55 , 88 ,
5000,תל אביב -יפו,522," 1,799 ", 102 , 53 , 42 , 40 , 91 , 270 , 281 , 199 , 113 , 90 , 70 , 75 , 88 , 84 , 68 , 132 ,
5000,תל אביב -יפו,523," 1,406 ", 48 , 33 , 32 , 27 , 76 , 222 , 286 , 155 , 90 , 84 , 52 , 63 , 64 , 57 , 40 , 76 ,
5000,תל אביב -יפו,532, 523 , 35 , 47 , 31 , 18 , 20 , 34 , 49 , 43 , 51 , 33 , 26 , 21 , 34 , 30 , 15 , 36 ,
5000,תל אביב -יפו,533," 3,613 ", 218 , 188 , 168 , 126 , 183 , 375 , 465 , 356 , 257 , 225 , 184 , 184 , 184 , 141 , 143 , 214 ,
5000,תל אביב -יפו,541," 1,210 ", 65 , 42 , 23 , 25 , 48 , 190 , 242 , 159 , 102 , 75 , 48 , 41 , 45 , 34 , 25 , 47 ,
5000,תל אביב -יפו,542," 1,069 ", 46 , 23 , 16 , 11 , 50 , 210 , 240 , 172 , 92 , 46 , 37 , 21 , 41 , 26 , 15 , 23 ,
5000,תל אביב -יפו,543," 1,527 ", 77 , 44 , 37 , 24 , 55 , 200 , 284 , 174 , 135 , 74 , 60 , 55 , 56 , 67 , 82 , 102 ,
5000,תל אביב -יפו,544," 2,018 ", 141 , 96 , 53 , 38 , 82 , 279 , 378 , 234 , 146 , 127 , 85 , 69 , 83 , 77 , 57 , 71 ,
5000,תל אביב -יפו,552, 948 , 32 , 10 , 12 , 12 , 49 , 172 , 209 , 126 , 60 , 43 , 41 , 34 , 32 , 38 , 33 , 47 ,
5000,תל אביב -יפו,554," 1,068 ", 97 , 55 , 51 , 33 , 39 , 133 , 137 , 122 , 74 , 61 , 55 , 40 , 44 , 41 , 32 , 55 ,
5000,תל אביב -יפו,555," 2,194 ", 168 , 98 , 86 , 52 , 73 , 311 , 378 , 262 , 179 , 124 , 94 , 74 , 65 , 70 , 63 , 97 ,
5000,תל אביב -יפו,557," 1,722 ", 85 , 39 , 19 , 11 , 74 , 364 , 375 , 266 , 134 , 68 , 62 , 44 , 47 , 50 , 42 , 43 ,
5000,תל אביב -יפו,611," 2,821 ", 175 , 133 , 136 , 96 , 107 , 394 , 424 , 329 , 243 , 182 , 138 , 92 , 114 , 104 , 61 , 93 ,
5000,תל אביב -יפו,612," 4,203 ", 395 , 251 , 148 , 77 , 166 , 481 , 587 , 504 , 323 , 223 , 132 , 146 , 204 , 213 , 165 , 188 ,
5000,תל אביב -יפו,621, 437 , 32 , 13 , .. , 5 , 16 , 94 , 126 , 48 , 34 , 9 , 8 , 17 , 18 , 10 , .. , 4 ,
5000,תל אביב -יפו,626," 1,777 ", 86 , 24 , 13 , 8 , 55 , 304 , 421 , 303 , 164 , 95 , 67 , 61 , 57 , 48 , 23 , 50 ,
5000,תל אביב -יפו,711," 1,691 ", 113 , 43 , 25 , 18 , 55 , 183 , 343 , 276 , 130 , 69 , 68 , 83 , 68 , 73 , 50 , 95 ,
5000,תל אביב -יפו,712," 3,065 ", 201 , 108 , 48 , 105 , 103 , 349 , 571 , 512 , 303 , 211 , 130 , 106 , 95 , 72 , 80 , 71 ,
5000,תל אביב -יפו,715," 1,097 ", 98 , 36 , 10 , 15 , 34 , 124 , 203 , 163 , 96 , 58 , 31 , 40 , 50 , 42 , 49 , 48 ,
5000,תל אביב -יפו,721, 782 , 27 , 34 , 15 , 11 , 28 , 24 , 59 , 87 , 62 , 70 , 49 , 64 , 55 , 89 , 51 , 58 ,
5000,תל אביב -יפו,723, 732 , 53 , 40 , 37 , 25 , 28 , 49 , 56 , 67 , 57 , 49 , 49 , 47 , 65 , 32 , 30 , 48 ,
5000,תל אביב -יפו,724, 244 , 17 , 17 , 11 , .. , 6 , 8 , 14 , 17 , 17 , 9 , 10 , 8 , 13 , 17 , 26 , 51 ,
5000,תל אביב -יפו,725, 606 , 49 , 46 , 30 , 14 , 22 , 33 , 33 , 51 , 55 , 32 , 32 , 36 , 53 , 50 , 26 , 46 ,
5000,תל אביב -יפו,731," 1,908 ", 169 , 89 , 51 , 27 , 50 , 155 , 332 , 273 , 216 , 112 , 81 , 82 , 83 , 74 , 56 , 59 ,
5000,תל אביב -יפו,732," 1,377 ", 80 , 52 , 47 , 23 , 44 , 144 , 222 , 191 , 113 , 80 , 45 , 54 , 59 , 67 , 43 , 114 ,
5000,תל אביב -יפו,733, 765 , 64 , 46 , 19 , 8 , 14 , 33 , 65 , 78 , 70 , 40 , 25 , 33 , 34 , 39 , 33 , 165 ,
5000,תל אביב -יפו,734, 643 , 38 , 26 , 19 , 16 , 27 , 45 , 82 , 73 , 50 , 41 , 31 , 41 , 39 , 32 , 23 , 58 ,
5000,תל אביב -יפו,735," 1,543 ", 100 , 69 , 80 , 89 , 144 , 130 , 94 , 119 , 82 , 91 , 90 , 74 , 90 , 89 , 86 , 117 ,
5000,תל אביב -יפו,736," 2,028 ", 105 , 81 , 81 , 94 , 118 , 147 , 142 , 141 , 125 , 100 , 109 , 137 , 150 , 157 , 145 , 194 ,
5000,תל אביב -יפו,743," 2,952 ", 207 , 189 , 207 , 189 , 185 , 184 , 185 , 219 , 214 , 206 , 129 , 142 , 152 , 182 , 144 , 215 ,
5000,תל אביב -יפו,744," 3,701 ", 281 , 260 , 234 , 226 , 220 , 268 , 236 , 253 , 242 , 223 , 206 , 192 , 178 , 206 , 173 , 302 ,
5000,תל אביב -יפו,745," 2,083 ", 161 , 113 , 68 , 99 , 108 , 188 , 237 , 203 , 147 , 119 , 73 , 97 , 106 , 131 , 91 , 140 ,
5000,תל אביב -יפו,746," 2,608 ", 171 , 172 , 165 , 209 , 191 , 176 , 182 , 170 , 149 , 164 , 122 , 121 , 143 , 136 , 149 , 189 ,
5000,תל אביב -יפו,747," 1,900 ", 115 , 99 , 78 , 109 , 132 , 113 , 147 , 113 , 114 , 112 , 97 , 102 , 133 , 120 , 134 , 181 ,
5000,תל אביב -יפו,748," 1,540 ", 73 , 49 , 31 , 34 , 81 , 210 , 228 , 154 , 94 , 81 , 71 , 70 , 71 , 81 , 63 , 150 ,
5000,תל אביב -יפו,811," 1,952 ", 57 , 17 , 12 , 5 , 87 , 399 , 580 , 336 , 147 , 66 , 56 , 35 , 38 , 42 , 38 , 38 ,
5000,תל אביב -יפו,812," 5,030 ", 175 , 69 , 37 , 20 , 188 , 951 ," 1,334 ", 885 , 446 , 240 , 141 , 146 , 133 , 115 , 64 , 87 ,
5000,תל אביב -יפו,813," 2,043 ", 74 , 28 , 9 , 17 , 83 , 396 , 550 , 336 , 194 , 90 , 55 , 51 , 47 , 55 , 29 , 30 ,
5000,תל אביב -יפו,814," 2,446 ", 53 , 35 , 13 , 33 , 96 , 435 , 483 , 367 , 237 , 145 , 103 , 123 , 82 , 88 , 87 , 65 ,
5000,תל אביב -יפו,815, 372 , 5 , .. , .. , .. , 16 , 52 , 33 , 63 , 37 , 20 , 21 , 24 , 32 , 19 , 28 , 17 ,
5000,תל אביב -יפו,816, 389 , 10 , 5 , 5 , 9 , 15 , 33 , 47 , 52 , 46 , 24 , 25 , 18 , 28 , 18 , 18 , 36 ,
5000,תל אביב -יפו,821, 231 , 6 , .. , .. , 6 , 10 , 12 , 13 , 13 , 19 , 20 , 18 , 22 , 28 , 16 , 11 , 32 ,
5000,תל אביב -יפו,822," 2,403 ", 188 , 121 , 65 , 86 , 91 , 201 , 314 , 336 , 209 , 162 , 122 , 112 , 116 , 96 , 88 , 97 ,
5000,תל אביב -יפו,823," 1,318 ", 113 , 105 , 86 , 56 , 69 , 72 , 120 , 142 , 114 , 81 , 50 , 60 , 68 , 62 , 63 , 56 ,
5000,תל אביב -יפו,824," 1,942 ", 130 , 112 , 101 , 83 , 87 , 139 , 217 , 231 , 143 , 107 , 92 , 99 , 111 , 93 , 72 , 126 ,
5000,תל אביב -יפו,826, 756 , 20 , 9 , 12 , 5 , 29 , 106 , 160 , 122 , 78 , 29 , 41 , 46 , 26 , 30 , 15 , 26 ,
5000,תל אביב -יפו,832," 3,618 ", 271 , 264 , 254 , 212 , 196 , 186 , 244 , 311 , 289 , 248 , 193 , 198 , 192 , 169 , 130 , 261 ,
5000,תל אביב -יפו,833," 4,708 ", 406 , 372 , 337 , 281 , 291 , 266 , 335 , 372 , 323 , 279 , 231 , 246 , 244 , 247 , 183 , 296 ,
5000,תל אביב -יפו,911," 4,408 ", 407 , 288 , 208 , 172 , 213 , 293 , 453 , 373 , 345 , 232 , 192 , 176 , 194 , 268 , 270 , 324 ,
5000,תל אביב -יפו,912," 3,996 ", 314 , 265 , 205 , 144 , 195 , 294 , 360 , 338 , 328 , 248 , 181 , 186 , 194 , 223 , 233 , 288 ,
5000,תל אביב -יפו,914, 950 , 115 , 93 , 65 , 28 , 32 , 59 , 78 , 112 , 103 , 73 , 38 , 32 , 34 , 48 , 24 , 17 ,
5000,תל אביב -יפו,915," 3,063 ", 238 , 221 , 187 , 142 , 151 , 214 , 291 , 276 , 259 , 241 , 177 , 141 , 130 , 132 , 105 , 159 ,
5000,תל אביב -יפו,916," 1,785 ", 134 , 131 , 107 , 85 , 93 , 119 , 140 , 142 , 158 , 125 , 98 , 100 , 78 , 79 , 69 , 129 ,
5000,תל אביב -יפו,921," 4,396 ", 325 , 267 , 215 , 173 , 237 , 366 , 462 , 421 , 315 , 280 , 226 , 184 , 162 , 209 , 178 , 379 ,
5000,תל אביב -יפו,922," 1,896 ", 139 , 98 , 68 , 72 , 104 , 145 , 211 , 191 , 141 , 114 , 113 , 85 , 92 , 100 , 75 , 149 ,
5000,תל אביב -יפו,923, 291 , 7 , 8 , 6 , 4 , .. , .. , .. , 7 , 4 , 8 , 6 , .. , .. , 8 , 21 , 201 ,
5000,תל אביב -יפו,924," 1,167 ", 84 , 81 , 89 , 71 , 86 , 83 , 49 , 85 , 78 , 76 , 66 , 63 , 49 , 72 , 57 , 79 ,
5000,תל אביב -יפו,925," 2,910 ", 203 , 186 , 163 , 139 , 165 , 162 , 204 , 245 , 223 , 204 , 132 , 137 , 135 , 175 , 175 , 261 ,
5000,תל אביב -יפו,926," 3,027 ", 212 , 212 , 166 , 141 , 124 , 181 , 272 , 327 , 244 , 204 , 137 , 139 , 152 , 135 , 138 , 242 ,
5000,תל אביב -יפו,927," 4,834 ", 441 , 303 , 265 , 268 , 271 , 314 , 456 , 470 , 385 , 279 , 219 , 211 , 209 , 211 , 176 , 355 ,
5000,תל אביב -יפו,929," 3,802 ", 216 , 168 , 119 , 106 , 160 , 280 , 351 , 322 , 257 , 200 , 177 , 198 , 250 , 238 , 245 , 515 ,
5000,תל אביב -יפו,931," 1,019 ", 46 , 25 , 32 , 32 , 44 , 79 , 78 , 80 , 79 , 59 , 53 , 81 , 96 , 79 , 62 , 95 ,
5000,תל אביב -יפו,932, 584 , 31 , 33 , 31 , 27 , 26 , 44 , 40 , 54 , 43 , 31 , 37 , 32 , 44 , 38 , 31 , 40 ,
5000,תל אביב -יפו,933," 3,036 ", 203 , 142 , 158 , 167 , 222 , 232 , 216 , 183 , 196 , 173 , 173 , 171 , 211 , 196 , 141 , 251 ,
5000,תל אביב -יפו,934," 1,236 ", 49 , 36 , 51 , 55 , 62 , 81 , 90 , 97 , 69 , 81 , 86 , 88 , 100 , 100 , 86 , 104 ,
5000,תל אביב -יפו,935," 1,337 ", 72 , 56 , 56 , 46 , 88 , 112 , 94 , 89 , 73 , 70 , 85 , 109 , 111 , 92 , 67 , 118 ,
5000,תל אביב -יפו,936," 3,150 ", 287 , 212 , 178 , 189 , 199 , 215 , 251 , 258 , 237 , 203 , 205 , 208 , 138 , 129 , 83 , 159 ,
5000,תל אביב -יפו,937," 4,586 ", 345 , 307 , 309 , 323 , 310 , 297 , 268 , 333 , 317 , 279 , 270 , 244 , 244 , 266 , 186 , 288 ,
5000,תל אביב -יפו,941," 3,967 ", 280 , 262 , 272 , 293 , 306 , 279 , 273 , 259 , 284 , 231 , 211 , 228 , 227 , 205 , 152 , 207 ,
5000,תל אביב -יפו,942," 4,580 ", 303 , 285 , 280 , 285 , 273 , 282 , 297 , 343 , 315 , 281 , 236 , 225 , 282 , 317 , 293 , 283 ,
5000,תל אביב -יפו,943," 2,774 ", 204 , 184 , 195 , 177 , 217 , 204 , 224 , 186 , 162 , 184 , 148 , 179 , 191 , 122 , 85 , 114 ,
5000,תל אביב -יפו,944," 3,047 ", 206 , 195 , 168 , 135 , 210 , 214 , 246 , 220 , 194 , 143 , 149 , 215 , 217 , 187 , 147 , 200 ,
5000,תל אביב -יפו,945," 2,192 ", 151 , 153 , 134 , 122 , 126 , 107 , 161 , 175 , 159 , 142 , 121 , 119 , 125 , 119 , 127 , 151 ,
5000,תל אביב -יפו,946," 2,821 ", 181 , 180 , 172 , 141 , 148 , 175 , 192 , 224 , 204 , 176 , 144 , 138 , 159 , 174 , 172 , 241 ,
5000,תל אביב -יפו,947," 4,231 ", 312 , 264 , 226 , 232 , 245 , 243 , 302 , 323 , 258 , 275 , 250 , 211 , 237 , 284 , 247 , 322 ,
,,,,,,,,,,,,,,,,,,,,
,,,,,,,,,,,,,,,,,,,,
,,,,,,,,,,,,,,,,,,,,
,,,,,,,,,,,,,,,,,,,,
,,,,,,,,,,,,,,,,,,,,
,,,,,,,,,,,,,,,,,,,,
,,,,,,,,,,,,,,,,,,,,
,,,,,,,,,,,,,,,,,,,,
,,,,,,,,,,,,,,,,,,,,
,,,,,,,,,,,,,,,,,,,,
,,,,,,,,,,,,,,,,,,,,
,,,,,,,,,,,,,,,,,,,,
,,,,,,,,,,,,,,,,,,,,
,,,,,,,,,,,,,,,,,,,,
,,,,,,,,,,,,,,,,,,,,
,,,,,,,,,,,,,,,,,,,,
,,,,,,,,,,,,,,,,,,,,
,,,,,,,,,,,,,,,,,,,,
,,,,,,,,,,,,,,,,,,,,
,,,,,,,,,,,,,,,,,,,,
,,,,,,,,,,,,,,,,,,,,
,,,,,,,,,,,,,,,,,,,,
,,,,,,,,,,,,,,,,,,,,
,,,,,,,,,,,,,,,,,,,,
,,,,,,,,,,,,,,,,,,,,
,,,,,,,,,,,,,,,,,,,,
,,,,,,,,,,,,,,,,,,,,
,,,,,,,,,,,,,,,,,,,,
,,,,,,,,,,,,,,,,,,,,
,,,,,,,,,,,,,,,,,,,,
,,,,,,,,,,,,,,,,,,,,
,,,,,,,,,,,,,,,,,,,,
,,,,,,,,,,,,,,,,,,,,
,,,,,,,,,,,,,,,,,,,,
,,,,,,,,,,,,,,,,,,,,
,,,,,,,,,,,,,,,,,,,,
,,,,,,,,,,,,,,,,,,,,
,,,,,,,,,,,,,,,,,,,,
,,,,,,,,,,,,,,,,,,,,
,,,,,,,,,,,,,,,,,,,,
,,,,,,,,,,,,,,,,,,,,
,,,,,,,,,,,,,,,,,,,,
,,,,,,,,,,,,,,,,,,,,
,,,,,,,,,,,,,,,,,,,,
,,,,,,,,,,,,,,,,,,,,
,,,,,,,,,,,,,,,,,,,,
,,,,,,,,,,,,,,,,,,,,
,,,,,,,,,,,,,,,,,,,,
,,,,,,,,,,,,,,,,,,,,
,,,,,,,,,,,,,,,,,,,,
,,,,,,,,,,,,,,,,,,,,
,,,,,,,,,,,,,,,,,,,,
,,,,,,,,,,,,,,,,,,,,
,,,,,,,,,,,,,,,,,,,,
,,,,,,,,,,,,,,,,,,,,
,,,,,,,,,,,,,,,,,,,,
,,,,,,,,,,,,,,,,,,,,
,,,,,,,,,,,,,,,,,,,,
,,,,,,,,,,,,,,,,,,,,
,,,,,,,,,,,,,,,,,,,,
,,,,,,,,,,,,,,,,,,,,
,,,,,,,,,,,,,,,,,,,,
,,,,,,,,,,,,,,,,,,,,
,,,,,,,,,,,,,,,,,,,,
,,,,,,,,,,,,,,,,,,,,
,,,,,,,,,,,,,,,,,,,,
,,,,,,,,,,,,,,,,,,,,
,,,,,,,,,,,,,,,,,,,,
,,,,,,,,,,,,,,,,,,,,
,,,,,,,,,,,,,,,,,,,,
,,,,,,,,,,,,,,,,,,,,
,,,,,,,,,,,,,,,,,,,,
,,,,,,,,,,,,,,,,,,,,
,,,,,,,,,,,,,,,,,,,,
,,,,,,,,,,,,,,,,,,,,
,,,,,,,,,,,,,,,,,,,,
,,,,,,,,,,,,,,,,,,,,
,,,,,,,,,,,,,,,,,,,,
,,,,,,,,,,,,,,,,,,,,
,,,,,,,,,,,,,,,,,,,,
,,,,,,,,,,,,,,,,,,,,
,,,,,,,,,,,,,,,,,,,,
,,,,,,,,,,,,,,,,,,,,
,,,,,,,,,,,,,,,,,,,,
,,,,,,,,,,,,,,,,,,,,
,,,,,,,,,,,,,,,,,,,,
,,,,,,,,,,,,,,,,,,,,
,,,,,,,,,,,,,,,,,,,,
,,,,,,,,,,,,,,,,,,,,
,,,,,,,,,,,,,,,,,,,,
,,,,,,,,,,,,,,,,,,,,
,,,,,,,,,,,,,,,,,,,,
,,,,,,,,,,,,,,,,,,,,
,,,,,,,,,,,,,,,,,,,,
,,,,,,,,,,,,,,,,,,,,
,,,,,,,,,,,,,,,,,,,,
,,,,,,,,,,,,,,,,,,,,
,,,,,,,,,,,,,,,,,,,,
,,,,,,,,,,,,,,,,,,,,
,,,,,,,,,,,,,,,,,,,,
,,,,,,,,,,,,,,,,,,,,
,,,,,,,,,,,,,,,,,,,,
,,,,,,,,,,,,,,,,,,,,
,,,,,,,,,,,,,,,,,,,,
,,,,,,,,,,,,,,,,,,,,
,,,,,,,,,,,,,,,,,,,,
,,,,,,,,,,,,,,,,,,,,
,,,,,,,,,,,,,,,,,,,,
,,,,,,,,,,,,,,,,,,,,
,,,,,,,,,,,,,,,,,,,,
,,,,,,,,,,,,,,,,,,,,
,,,,,,,,,,,,,,,,,,,,
,,,,,,,,,,,,,,,,,,,,
,,,,,,,,,,,,,,,,,,,,
,,,,,,,,,,,,,,,,,,,,
,,,,,,,,,,,,,,,,,,,,
,,,,,,,,,,,,,,,,,,,,
,,,,,,,,,,,,,,,,,,,,
,,,,,,,,,,,,,,,,,,,,
,,,,,,,,,,,,,,,,,,,,
,,,,,,,,,,,,,,,,,,,,
,,,,,,,,,,,,,,,,,,,,
,,,,,,,,,,,,,,,,,,,,
,,,,,,,,,,,,,,,,,,,,
,,,,,,,,,,,,,,,,,,,,
,,,,,,,,,,,,,,,,,,,,
,,,,,,,,,,,,,,,,,,,,
,,,,,,,,,,,,,,,,,,,,
,,,,,,,,,,,,,,,,,,,,
,,,,,,,,,,,,,,,,,,,,
,,,,,,,,,,,,,,,,,,,,
,,,,,,,,,,,,,,,,,,,,
,,,,,,,,,,,,,,,,,,,,
,,,,,,,,,,,,,,,,,,,,
,,,,,,,,,,,,,,,,,,,,
,,,,,,,,,,,,,,,,,,,,
,,,,,,,,,,,,,,,,,,,,
,,,,,,,,,,,,,,,,,,,,
,,,,,,,,,,,,,,,,,,,,
,,,,,,,,,,,,,,,,,,,,
,,,,,,,,,,,,,,,,,,,,
,,,,,,,,,,,,,,,,,,,,
,,,,,,,,,,,,,,,,,,,,
,,,,,,,,,,,,,,,,,,,,
,,,,,,,,,,,,,,,,,,,,
,,,,,,,,,,,,,,,,,,,,
,,,,,,,,,,,,,,,,,,,,
,,,,,,,,,,,,,,,,,,,,
,,,,,,,,,,,,,,,,,,,,
,,,,,,,,,,,,,,,,,,,,
,,,,,,,,,,,,,,,,,,,,
,,,,,,,,,,,,,,,,,,,,
,,,,,,,,,,,,,,,,,,,,
,,,,,,,,,,,,,,,,,,,,
,,,,,,,,,,,,,,,,,,,,
,,,,,,,,,,,,,,,,,,,,
,,,,,,,,,,,,,,,,,,,,
,,,,,,,,,,,,,,,,,,,,
,,,,,,,,,,,,,,,,,,,,
,,,,,,,,,,,,,,,,,,,,
,,,,,,,,,,,,,,,,,,,,
,,,,,,,,,,,,,,,,,,,,
,,,,,,,,,,,,,,,,,,,,
,,,,,,,,,,,,,,,,,,,,
,,,,,,,,,,,,,,,,,,,,
,,,,,,,,,,,,,,,,,,,,
,,,,,,,,,,,,,,,,,,,,
,,,,,,,,,,,,,,,,,,,,
,,,,,,,,,,,,,,,,,,,,
,,,,,,,,,,,,,,,,,,,,
,,,,,,,,,,,,,,,,,,,,
,,,,,,,,,,,,,,,,,,,,
,,,,,,,,,,,,,,,,,,,,
,,,,,,,,,,,,,,,,,,,,
,,,,,,,,,,,,,,,,,,,,
,,,,,,,,,,,,,,,,,,,,
,,,,,,,,,,,,,,,,,,,,
,,,,,,,,,,,,,,,,,,,,
,,,,,,,,,,,,,,,,,,,,
,,,,,,,,,,,,,,,,,,,,
,,,,,,,,,,,,,,,,,,,,
,,,,,,,,,,,,,,,,,,,,
,,,,,,,,,,,,,,,,,,,,
,,,,,,,,,,,,,,,,,,,,
,,,,,,,,,,,,,,,,,,,,
,,,,,,,,,,,,,,,,,,,,
,,,,,,,,,,,,,,,,,,,,
,,,,,,,,,,,,,,,,,,,,
,,,,,,,,,,,,,,,,,,,,
,,,,,,,,,,,,,,,,,,,,
,,,,,,,,,,,,,,,,,,,,
,,,,,,,,,,,,,,,,,,,,
,,,,,,,,,,,,,,,,,,,,
,,,,,,,,,,,,,,,,,,,,
,,,,,,,,,,,,,,,,,,,,
,,,,,,,,,,,,,,,,,,,,
,,,,,,,,,,,,,,,,,,,,
,,,,,,,,,,,,,,,,,,,,
,,,,,,,,,,,,,,,,,,,,
,,,,,,,,,,,,,,,,,,,,
,,,,,,,,,,,,,,,,,,,,
,,,,,,,,,,,,,,,,,,,,
,,,,,,,,,,,,,,,,,,,,
,,,,,,,,,,,,,,,,,,,,
,,,,,,,,,,,,,,,,,,,,
,,,,,,,,,,,,,,,,,,,,
,,,,,,,,,,,,,,,,,,,,
,,,,,,,,,,,,,,,,,,,,
,,,,,,,,,,,,,,,,,,,,
,,,,,,,,,,,,,,,,,,,,
,,,,,,,,,,,,,,,,,,,,
,,,,,,,,,,,,,,,,,,,,
,,,,,,,,,,,,,,,,,,,,
,,,,,,,,,,,,,,,,,,,,
,,,,,,,,,,,,,,,,,,,,
,,,,,,,,,,,,,,,,,,,,
,,,,,,,,,,,,,,,,,,,,
,,,,,,,,,,,,,,,,,,,,
,,,,,,,,,,,,,,,,,,,,
,,,,,,,,,,,,,,,,,,,,
,,,,,,,,,,,,,,,,,,,,
,,,,,,,,,,,,,,,,,,,,
,,,,,,,,,,,,,,,,,,,,
,,,,,,,,,,,,,,,,,,,,
,,,,,,,,,,,,,,,,,,,,
,,,,,,,,,,,,,,,,,,,,
,,,,,,,,,,,,,,,,,,,,
,,,,,,,,,,,,,,,,,,,,
,,,,,,,,,,,,,,,,,,,,
,,,,,,,,,,,,,,,,,,,,
,,,,,,,,,,,,,,,,,,,,
,,,,,,,,,,,,,,,,,,,,
,,,,,,,,,,,,,,,,,,,,
,,,,,,,,,,,,,,,,,,,,
,,,,,,,,,,,,,,,,,,,,
,,,,,,,,,,,,,,,,,,,,
,,,,,,,,,,,,,,,,,,,,
,,,,,,,,,,,,,,,,,,,,
,,,,,,,,,,,,,,,,,,,,
,,,,,,,,,,,,,,,,,,,,
,,,,,,,,,,,,,,,,,,,,
,,,,,,,,,,,,,,,,,,,,
,,,,,,,,,,,,,,,,,,,,
,,,,,,,,,,,,,,,,,,,,
,,,,,,,,,,,,,,,,,,,,
,,,,,,,,,,,,,,,,,,,,
,,,,,,,,,,,,,,,,,,,,
,,,,,,,,,,,,,,,,,,,,
,,,,,,,,,,,,,,,,,,,,
,,,,,,,,,,,,,,,,,,,,
,,,,,,,,,,,,,,,,,,,,
,,,,,,,,,,,,,,,,,,,,
,,,,,,,,,,,,,,,,,,,,
,,,,,,,,,,,,,,,,,,,,
,,,,,,,,,,,,,,,,,,,,
,,,,,,,,,,,,,,,,,,,,
,,,,,,,,,,,,,,,,,,,,
,,,,,,,,,,,,,,,,,,,,
,,,,,,,,,,,,,,,,,,,,
,,,,,,,,,,,,,,,,,,,,
,,,,,,,,,,,,,,,,,,,,
,,,,,,,,,,,,,,,,,,,,
,,,,,,,,,,,,,,,,,,,,
,,,,,,,,,,,,,,,,,,,,
,,,,,,,,,,,,,,,,,,,,
,,,,,,,,,,,,,,,,,,,,
,,,,,,,,,,,,,,,,,,,,
,,,,,,,,,,,,,,,,,,,,
,,,,,,,,,,,,,,,,,,,,
,,,,,,,,,,,,,,,,,,,,
,,,,,,,,,,,,,,,,,,,,
,,,,,,,,,,,,,,,,,,,,
,,,,,,,,,,,,,,,,,,,,
,,,,,,,,,,,,,,,,,,,,
,,,,,,,,,,,,,,,,,,,,
,,,,,,,,,,,,,,,,,,,,
,,,,,,,,,,,,,,,,,,,,
,,,,,,,,,,,,,,,,,,,,
,,,,,,,,,,,,,,,,,,,,
,,,,,,,,,,,,,,,,,,,,
,,,,,,,,,,,,,,,,,,,,
,,,,,,,,,,,,,,,,,,,,
,,,,,,,,,,,,,,,,,,,,
,,,,,,,,,,,,,,,,,,,,
,,,,,,,,,,,,,,,,,,,,
,,,,,,,,,,,,,,,,,,,,
,,,,,,,,,,,,,,,,,,,,
,,,,,,,,,,,,,,,,,,,,
,,,,,,,,,,,,,,,,,,,,
,,,,,,,,,,,,,,,,,,,,
,,,,,,,,,,,,,,,,,,,,
,,,,,,,,,,,,,,,,,,,,
,,,,,,,,,,,,,,,,,,,,
,,,,,,,,,,,,,,,,,,,,
,,,,,,,,,,,,,,,,,,,,
,,,,,,,,,,,,,,,,,,,,
,,,,,,,,,,,,,,,,,,,,
,,,,,,,,,,,,,,,,,,,,
,,,,,,,,,,,,,,,,,,,,
,,,,,,,,,,,,,,,,,,,,
,,,,,,,,,,,,,,,,,,,,
,,,,,,,,,,,,,,,,,,,,
,,,,,,,,,,,,,,,,,,,,
,,,,,,,,,,,,,,,,,,,,
,,,,,,,,,,,,,,,,,,,,
,,,,,,,,,,,,,,,,,,,,
,,,,,,,,,,,,,,,,,,,,
,,,,,,,,,,,,,,,,,,,,
,,,,,,,,,,,,,,,,,,,,
,,,,,,,,,,,,,,,,,,,,
,,,,,,,,,,,,,,,,,,,,
,,,,,,,,,,,,,,,,,,,,
,,,,,,,,,,,,,,,,,,,,
,,,,,,,,,,,,,,,,,,,,
,,,,,,,,,,,,,,,,,,,,
,,,,,,,,,,,,,,,,,,,,
,,,,,,,,,,,,,,,,,,,,
,,,,,,,,,,,,,,,,,,,,
,,,,,,,,,,,,,,,,,,,,
,,,,,,,,,,,,,,,,,,,,
,,,,,,,,,,,,,,,,,,,,
,,,,,,,,,,,,,,,,,,,,
,,,,,,,,,,,,,,,,,,,,
,,,,,,,,,,,,,,,,,,,,
,,,,,,,,,,,,,,,,,,,,
,,,,,,,,,,,,,,,,,,,,
,,,,,,,,,,,,,,,,,,,,
,,,,,,,,,,,,,,,,,,,,
,,,,,,,,,,,,,,,,,,,,
,,,,,,,,,,,,,,,,,,,,
,,,,,,,,,,,,,,,,,,,,
,,,,,,,,,,,,,,,,,,,,
,,,,,,,,,,,,,,,,,,,,
,,,,,,,,,,,,,,,,,,,,
,,,,,,,,,,,,,,,,,,,,
,,,,,,,,,,,,,,,,,,,,
,,,,,,,,,,,,,,,,,,,,
,,,,,,,,,,,,,,,,,,,,
,,,,,,,,,,,,,,,,,,,,
,,,,,,,,,,,,,,,,,,,,
,,,,,,,,,,,,,,,,,,,,
,,,,,,,,,,,,,,,,,,,,
,,,,,,,,,,,,,,,,,,,,
,,,,,,,,,,,,,,,,,,,,
,,,,,,,,,,,,,,,,,,,,
,,,,,,,,,,,,,,,,,,,,
,,,,,,,,,,,,,,,,,,,,
,,,,,,,,,,,,,,,,,,,,
,,,,,,,,,,,,,,,,,,,,
,,,,,,,,,,,,,,,,,,,,
,,,,,,,,,,,,,,,,,,,,
,,,,,,,,,,,,,,,,,,,,
,,,,,,,,,,,,,,,,,,,,
,,,,,,,,,,,,,,,,,,,,
,,,,,,,,,,,,,,,,,,,,
,,,,,,,,,,,,,,,,,,,,
,,,,,,,,,,,,,,,,,,,,
,,,,,,,,,,,,,,,,,,,,
,,,,,,,,,,,,,,,,,,,,
,,,,,,,,,,,,,,,,,,,,
,,,,,,,,,,,,,,,,,,,,
,,,,,,,,,,,,,,,,,,,,
,,,,,,,,,,,,,,,,,,,,
,,,,,,,,,,,,,,,,,,,,
,,,,,,,,,,,,,,,,,,,,
,,,,,,,,,,,,,,,,,,,,
,,,,,,,,,,,,,,,,,,,,
,,,,,,,,,,,,,,,,,,,,
,,,,,,,,,,,,,,,,,,,,
,,,,,,,,,,,,,,,,,,,,
,,,,,,,,,,,,,,,,,,,,
,,,,,,,,,,,,,,,,,,,,
,,,,,,,,,,,,,,,,,,,,
,,,,,,,,,,,,,,,,,,,,
,,,,,,,,,,,,,,,,,,,,
,,,,,,,,,,,,,,,,,,,,
,,,,,,,,,,,,,,,,,,,,
,,,,,,,,,,,,,,,,,,,,
,,,,,,,,,,,,,,,,,,,,
,,,,,,,,,,,,,,,,,,,,
,,,,,,,,,,,,,,,,,,,,
,,,,,,,,,,,,,,,,,,,,
,,,,,,,,,,,,,,,,,,,,
,,,,,,,,,,,,,,,,,,,,
,,,,,,,,,,,,,,,,,,,,
,,,,,,,,,,,,,,,,,,,,
,,,,,,,,,,,,,,,,,,,,
,,,,,,,,,,,,,,,,,,,,
,,,,,,,,,,,,,,,,,,,,
,,,,,,,,,,,,,,,,,,,,
,,,,,,,,,,,,,,,,,,,,
,,,,,,,,,,,,,,,,,,,,
,,,,,,,,,,,,,,,,,,,,
,,,,,,,,,,,,,,,,,,,,
,,,,,,,,,,,,,,,,,,,,
,,,,,,,,,,,,,,,,,,,,
,,,,,,,,,,,,,,,,,,,,
,,,,,,,,,,,,,,,,,,,,
,,,,,,,,,,,,,,,,,,,,
,,,,,,,,,,,,,,,,,,,,
,,,,,,,,,,,,,,,,,,,,
,,,,,,,,,,,,,,,,,,,,
,,,,,,,,,,,,,,,,,,,,
,,,,,,,,,,,,,,,,,,,,
,,,,,,,,,,,,,,,,,,,,
,,,,,,,,,,,,,,,,,,,,
,,,,,,,,,,,,,,,,,,,,
,,,,,,,,,,,,,,,,,,,,
,,,,,,,,,,,,,,,,,,,,
,,,,,,,,,,,,,,,,,,,,
,,,,,,,,,,,,,,,,,,,,
,,,,,,,,,,,,,,,,,,,,
,,,,,,,,,,,,,,,,,,,,
,,,,,,,,,,,,,,,,,,,,
,,,,,,,,,,,,,,,,,,,,
,,,,,,,,,,,,,,,,,,,,
,,,,,,,,,,,,,,,,,,,,
,,,,,,,,,,,,,,,,,,,,
,,,,,,,,,,,,,,,,,,,,
,,,,,,,,,,,,,,,,,,,,
,,,,,,,,,,,,,,,,,,,,
,,,,,,,,,,,,,,,,,,,,
,,,,,,,,,,,,,,,,,,,,
,,,,,,,,,,,,,,,,,,,,
,,,,,,,,,,,,,,,,,,,,
,,,,,,,,,,,,,,,,,,,,
,,,,,,,,,,,,,,,,,,,,
,,,,,,,,,,,,,,,,,,,,
,,,,,,,,,,,,,,,,,,,,
,,,,,,,,,,,,,,,,,,,,
,,,,,,,,,,,,,,,,,,,,
,,,,,,,,,,,,,,,,,,,,
,,,,,,,,,,,,,,,,,,,,
,,,,,,,,,,,,,,,,,,,,
,,,,,,,,,,,,,,,,,,,,
,,,,,,,,,,,,,,,,,,,,
,,,,,,,,,,,,,,,,,,,,
,,,,,,,,,,,,,,,,,,,,
,,,,,,,,,,,,,,,,,,,,
,,,,,,,,,,,,,,,,,,,,
,,,,,,,,,,,,,,,,,,,,
,,,,,,,,,,,,,,,,,,,,
,,,,,,,,,,,,,,,,,,,,
,,,,,,,,,,,,,,,,,,,,
,,,,,,,,,,,,,,,,,,,,
,,,,,,,,,,,,,,,,,,,,
,,,,,,,,,,,,,,,,,,,,
,,,,,,,,,,,,,,,,,,,,
,,,,,,,,,,,,,,,,,,,,
,,,,,,,,,,,,,,,,,,,,
,,,,,,,,,,,,,,,,,,,,
,,,,,,,,,,,,,,,,,,,,
,,,,,,,,,,,,,,,,,,,,
,,,,,,,,,,,,,,,,,,,,
,,,,,,,,,,,,,,,,,,,,
,,,,,,,,,,,,,,,,,,,,
,,,,,,,,,,,,,,,,,,,,
,,,,,,,,,,,,,,,,,,,,
,,,,,,,,,,,,,,,,,,,,
,,,,,,,,,,,,,,,,,,,,
,,,,,,,,,,,,,,,,,,,,
,,,,,,,,,,,,,,,,,,,,
,,,,,,,,,,,,,,,,,,,,
,,,,,,,,,,,,,,,,,,,,
,,,,,,,,,,,,,,,,,,,,
,,,,,,,,,,,,,,,,,,,,
,,,,,,,,,,,,,,,,,,,,
,,,,,,,,,,,,,,,,,,,,
,,,,,,,,,,,,,,,,,,,,
,,,,,,,,,,,,,,,,,,,,
,,,,,,,,,,,,,,,,,,,,
,,,,,,,,,,,,,,,,,,,,
,,,,,,,,,,,,,,,,,,,,
,,,,,,,,,,,,,,,,,,,,
,,,,,,,,,,,,,,,,,,,,
,,,,,,,,,,,,,,,,,,,,
,,,,,,,,,,,,,,,,,,,,
,,,,,,,,,,,,,,,,,,,,
,,,,,,,,,,,,,,,,,,,,
,,,,,,,,,,,,,,,,,,,,
,,,,,,,,,,,,,,,,,,,,
,,,,,,,,,,,,,,,,,,,,
,,,,,,,,,,,,,,,,,,,,
,,,,,,,,,,,,,,,,,,,,
,,,,,,,,,,,,,,,,,,,,
,,,,,,,,,,,,,,,,,,,,
,,,,,,,,,,,,,,,,,,,,
,,,,,,,,,,,,,,,,,,,,
,,,,,,,,,,,,,,,,,,,,
,,,,,,,,,,,,,,,,,,,,
,,,,,,,,,,,,,,,,,,,,
,,,,,,,,,,,,,,,,,,,,
,,,,,,,,,,,,,,,,,,,,
,,,,,,,,,,,,,,,,,,,,
,,,,,,,,,,,,,,,,,,,,
,,,,,,,,,,,,,,,,,,,,
,,,,,,,,,,,,,,,,,,,,
,,,,,,,,,,,,,,,,,,,,
,,,,,,,,,,,,,,,,,,,,
,,,,,,,,,,,,,,,,,,,,
,,,,,,,,,,,,,,,,,,,,
,,,,,,,,,,,,,,,,,,,,
,,,,,,,,,,,,,,,,,,,,
,,,,,,,,,,,,,,,,,,,,
,,,,,,,,,,,,,,,,,,,,
,,,,,,,,,,,,,,,,,,,,
,,,,,,,,,,,,,,,,,,,,
,,,,,,,,,,,,,,,,,,,,
,,,,,,,,,,,,,,,,,,,,
,,,,,,,,,,,,,,,,,,,,
,,,,,,,,,,,,,,,,,,,,
,,,,,,,,,,,,,,,,,,,,
