מחוז,סמל יישוב,שם יישוב,אזור סטטיסטי,סך הכל אוכלוסייה באזור הסטטיסטי,מזה: חרדים מספרים מוחלטים,מזה: חרדים אחוזים
ירושלים,1123,אדרת,0,886,..,..
ירושלים,780,אורה,0,"1,297",..,..
ירושלים,886,איתנים,0,60,..,..
ירושלים,740,אשתאול,0,"1,253",175,14.0
ירושלים,751,בית מאיר,0,817,218,26.7
ירושלים,2610,בית שמש,12,"12,022","11,992",99.8
ירושלים,2610,בית שמש,13,"5,334",218,4.1
ירושלים,2610,בית שמש,14,"5,418","1,051",19.4
ירושלים,2610,בית שמש,15,"3,540",440,12.4
ירושלים,2610,בית שמש,16,"4,608",566,12.3
ירושלים,2610,בית שמש,17,107,..,..
ירושלים,2610,בית שמש,21,"2,730",54,2.0
ירושלים,2610,בית שמש,22,"4,887",192,3.9
ירושלים,2610,בית שמש,23,"1,128",169,14.9
ירושלים,2610,בית שמש,24,"4,290","1,269",29.6
ירושלים,2610,בית שמש,25,"3,304",390,11.8
ירושלים,2610,בית שמש,26,"8,218","8,189",99.6
ירושלים,2610,בית שמש,27,"5,700","5,637",98.9
ירושלים,2610,בית שמש,31,"7,050","6,077",86.2
ירושלים,2610,בית שמש,32,"11,019","10,996",99.8
ירושלים,2610,בית שמש,33,"7,866","7,805",99.2
ירושלים,2610,בית שמש,34,"7,232","6,226",86.1
ירושלים,2610,בית שמש,35,"6,020","3,073",51.1
ירושלים,2610,בית שמש,36,"5,890","4,771",81.0
ירושלים,2610,בית שמש,37,"7,558","5,902",78.1
ירושלים,2610,בית שמש,38,"18,624","17,324",93.0
ירושלים,787,גבעת יערים,0,"1,433",..,..
ירושלים,566,גבעת שמש,0,55,..,..
ירושלים,816,זנוח,0,541,74,13.6
ירושלים,1144,ידידה,0,228,..,..
ירושלים,3000,ירושלים,111,"2,954","2,886",97.7
ירושלים,3000,ירושלים,112,"2,842","2,708",95.3
ירושלים,3000,ירושלים,113,"3,959","3,235",81.7
ירושלים,3000,ירושלים,114,"4,026","3,179",79.0
ירושלים,3000,ירושלים,115,"4,751","3,717",78.2
ירושלים,3000,ירושלים,116,"7,389","5,581",75.5
ירושלים,3000,ירושלים,121,"5,168",640,12.4
ירושלים,3000,ירושלים,122,"3,223",355,11.0
ירושלים,3000,ירושלים,123,"4,907","1,027",20.9
ירושלים,3000,ירושלים,124,"2,280",467,20.5
ירושלים,3000,ירושלים,125,"4,336","1,454",33.5
ירושלים,3000,ירושלים,131,"2,586",68,2.6
ירושלים,3000,ירושלים,132,"4,497",..,..
ירושלים,3000,ירושלים,133,"5,569",534,9.6
ירושלים,3000,ירושלים,134,"2,731",67,2.4
ירושלים,3000,ירושלים,135,"4,400",384,8.7
ירושלים,3000,ירושלים,136,"4,099",..,..
ירושלים,3000,ירושלים,411,"5,729","5,497",96.0
ירושלים,3000,ירושלים,412,"4,757","4,609",96.9
ירושלים,3000,ירושלים,413,"4,509","4,438",98.4
ירושלים,3000,ירושלים,421,"6,965","4,788",68.7
ירושלים,3000,ירושלים,422,"3,783","2,689",71.1
ירושלים,3000,ירושלים,423,"5,462","5,074",92.9
ירושלים,3000,ירושלים,424,"3,184","2,579",81.0
ירושלים,3000,ירושלים,425,"6,418","6,357",99.0
ירושלים,3000,ירושלים,426,"5,714","5,637",98.7
ירושלים,3000,ירושלים,431,"5,257","3,023",57.5
ירושלים,3000,ירושלים,432,"5,114","4,493",87.9
ירושלים,3000,ירושלים,433,"2,629","1,535",58.4
ירושלים,3000,ירושלים,434,"3,761","2,632",70.0
ירושלים,3000,ירושלים,435,"2,111",396,18.8
ירושלים,3000,ירושלים,512,"2,887","2,820",97.7
ירושלים,3000,ירושלים,513,"3,948","3,906",98.9
ירושלים,3000,ירושלים,514,"4,270","3,991",93.5
ירושלים,3000,ירושלים,515,"4,558","4,212",92.4
ירושלים,3000,ירושלים,521,"4,355","4,161",95.5
ירושלים,3000,ירושלים,522,"4,177","3,638",87.1
ירושלים,3000,ירושלים,523,"3,132","2,086",66.6
ירושלים,3000,ירושלים,531,"3,253","2,815",86.5
ירושלים,3000,ירושלים,532,"4,990","4,692",94.0
ירושלים,3000,ירושלים,533,"2,699","2,563",95.0
ירושלים,3000,ירושלים,541,"4,049",794,19.6
ירושלים,3000,ירושלים,542,"3,071",581,18.9
ירושלים,3000,ירושלים,543,664,..,..
ירושלים,3000,ירושלים,812,"3,686","2,525",68.5
ירושלים,3000,ירושלים,821,"8,748","8,652",98.9
ירושלים,3000,ירושלים,822,"6,897","6,585",95.5
ירושלים,3000,ירושלים,823,"4,149","3,931",94.8
ירושלים,3000,ירושלים,824,"9,854","9,725",98.7
ירושלים,3000,ירושלים,825,"2,804","2,665",95.1
ירושלים,3000,ירושלים,826,"6,324","6,204",98.1
ירושלים,3000,ירושלים,832,"4,102","3,742",91.2
ירושלים,3000,ירושלים,833,"1,524","1,240",81.3
ירושלים,3000,ירושלים,834,"4,399","3,981",90.5
ירושלים,3000,ירושלים,835,"2,687","2,606",97.0
ירושלים,3000,ירושלים,836,"4,270","3,838",89.9
ירושלים,3000,ירושלים,841,"1,881","1,100",58.5
ירושלים,3000,ירושלים,842,786,461,58.6
ירושלים,3000,ירושלים,843,933,203,21.7
ירושלים,3000,ירושלים,846,"1,180",..,..
ירושלים,3000,ירושלים,847,835,165,19.7
ירושלים,3000,ירושלים,848,"1,312",115,8.8
ירושלים,3000,ירושלים,851,888,690,77.7
ירושלים,3000,ירושלים,852,713,113,15.9
ירושלים,3000,ירושלים,853,"1,838",674,36.6
ירושלים,3000,ירושלים,854,"1,773",186,10.5
ירושלים,3000,ירושלים,855,"1,577",253,16.0
ירושלים,3000,ירושלים,856,"1,059",180,17.0
ירושלים,3000,ירושלים,857,"1,132",280,24.7
ירושלים,3000,ירושלים,858,728,363,49.8
ירושלים,3000,ירושלים,861,905,345,38.1
ירושלים,3000,ירושלים,862,"1,486",605,40.7
ירושלים,3000,ירושלים,863,"3,143",92,2.9
ירושלים,3000,ירושלים,864,"2,710",101,3.7
ירושלים,3000,ירושלים,911,"2,985","2,946",98.7
ירושלים,3000,ירושלים,912,"5,288","5,254",99.4
ירושלים,3000,ירושלים,913,"2,309","2,159",93.5
ירושלים,3000,ירושלים,914,"8,811","8,600",97.6
ירושלים,3000,ירושלים,915,"6,637","6,392",96.3
ירושלים,3000,ירושלים,921,"3,828","3,142",82.1
ירושלים,3000,ירושלים,922,"3,152","2,449",77.7
ירושלים,3000,ירושלים,923,"6,481","4,960",76.5
ירושלים,3000,ירושלים,924,60,..,..
ירושלים,3000,ירושלים,931,"2,936","2,364",80.5
ירושלים,3000,ירושלים,932,"6,417","5,547",86.4
ירושלים,3000,ירושלים,933,"4,590","4,186",91.2
ירושלים,3000,ירושלים,934,"2,229","1,841",82.6
ירושלים,3000,ירושלים,1011,"4,760",83,1.7
ירושלים,3000,ירושלים,1012,"5,330",..,..
ירושלים,3000,ירושלים,1013,"4,588",..,..
ירושלים,3000,ירושלים,1014,"3,381",132,3.9
ירושלים,3000,ירושלים,1015,"5,592","1,985",35.5
ירושלים,3000,ירושלים,1016,"3,895","1,876",48.2
ירושלים,3000,ירושלים,1021,"1,151",268,23.2
ירושלים,3000,ירושלים,1024,344,..,..
ירושלים,3000,ירושלים,1031,"7,045","5,256",74.6
ירושלים,3000,ירושלים,1032,"4,141","3,457",83.5
ירושלים,3000,ירושלים,1034,"4,873","4,177",85.7
ירושלים,3000,ירושלים,1035,"5,836","4,918",84.3
ירושלים,3000,ירושלים,1041,"2,184",290,13.3
ירושלים,3000,ירושלים,1043,"4,791","1,902",39.7
ירושלים,3000,ירושלים,1044,"2,555",426,16.7
ירושלים,3000,ירושלים,1115,"2,033",81,4.0
ירושלים,3000,ירושלים,1121,"2,980",444,14.9
ירושלים,3000,ירושלים,1122,"5,086","2,298",45.2
ירושלים,3000,ירושלים,1123,"1,964",733,37.3
ירושלים,3000,ירושלים,1124,"4,169","1,637",39.3
ירושלים,3000,ירושלים,1131,"2,839",336,11.8
ירושלים,3000,ירושלים,1132,"4,831","1,581",32.7
ירושלים,3000,ירושלים,1134,"1,598",..,..
ירושלים,3000,ירושלים,1141,"4,756",704,14.8
ירושלים,3000,ירושלים,1142,"2,009",286,14.3
ירושלים,3000,ירושלים,1143,"4,411",516,11.7
ירושלים,3000,ירושלים,1144,"4,035",..,..
ירושלים,3000,ירושלים,1147,"3,655",..,..
ירושלים,3000,ירושלים,1211,"2,304",351,15.2
ירושלים,3000,ירושלים,1212,"3,159",175,5.5
ירושלים,3000,ירושלים,1213,"2,560",167,6.5
ירושלים,3000,ירושלים,1214,"2,691",..,..
ירושלים,3000,ירושלים,1215,"5,442",..,..
ירושלים,3000,ירושלים,1216,"4,208",486,11.5
ירושלים,3000,ירושלים,1217,"4,157",..,..
ירושלים,3000,ירושלים,1221,"6,870","2,887",42.0
ירושלים,3000,ירושלים,1222,"5,019",..,..
ירושלים,3000,ירושלים,1223,"3,683",..,..
ירושלים,3000,ירושלים,1311,"2,473",68,2.8
ירושלים,3000,ירושלים,1312,"3,416",..,..
ירושלים,3000,ירושלים,1313,"1,914",238,12.4
ירושלים,3000,ירושלים,1314,"2,007",..,..
ירושלים,3000,ירושלים,1322,"1,105",..,..
ירושלים,3000,ירושלים,1334,"2,500",74,3.0
ירושלים,3000,ירושלים,1335,"3,002",68,2.3
ירושלים,3000,ירושלים,1337,"3,179",89,2.8
ירושלים,3000,ירושלים,1341,"3,132",..,..
ירושלים,3000,ירושלים,1342,"4,533",..,..
ירושלים,3000,ירושלים,1343,"3,918",70,1.8
ירושלים,3000,ירושלים,1344,"3,242",115,3.5
ירושלים,3000,ירושלים,1345,"1,766",304,17.2
ירושלים,3000,ירושלים,1351,"4,251",..,..
ירושלים,3000,ירושלים,1352,"2,714",..,..
ירושלים,3000,ירושלים,1353,"2,434",..,..
ירושלים,3000,ירושלים,1354,"2,500",..,..
ירושלים,3000,ירושלים,1622,"17,676","1,783",10.1
ירושלים,3000,ירושלים,1623,"7,560",798,10.6
ירושלים,3000,ירושלים,1631,"3,642","1,439",39.5
ירושלים,3000,ירושלים,1632,"5,947",671,11.3
ירושלים,3000,ירושלים,1633,"5,621",905,16.1
ירושלים,3000,ירושלים,1634,"4,752",231,4.9
ירושלים,3000,ירושלים,1641,"3,592",569,15.8
ירושלים,3000,ירושלים,1642,"2,947",245,8.3
ירושלים,3000,ירושלים,1643,"2,690",396,14.7
ירושלים,3000,ירושלים,1644,"2,380",..,..
ירושלים,3000,ירושלים,2212,"22,912",..,..
ירושלים,3000,ירושלים,2213,"12,074",..,..
ירושלים,3000,ירושלים,2312,"30,093",..,..
ירושלים,3000,ירושלים,2411,"13,796",..,..
ירושלים,3000,ירושלים,2412,"6,331",..,..
ירושלים,3000,ירושלים,2511,"21,851",..,..
ירושלים,3000,ירושלים,2512,"3,241","1,289",39.8
ירושלים,3000,ירושלים,2513,"2,164",733,33.9
ירושלים,3000,ירושלים,2514,"3,872",..,..
ירושלים,3000,ירושלים,2611,"19,574",..,..
ירושלים,3000,ירושלים,2612,"12,492",..,..
ירושלים,3000,ירושלים,2811,"19,757",..,..
ירושלים,805,ישעי,0,806,147,18.3
ירושלים,859,כסלון,0,470,79,16.7
ירושלים,1325,כפר זוהרים,0,148,68,45.7
ירושלים,1015,מבשרת ציון,2,"5,972",..,..
ירושלים,1015,מבשרת ציון,5,"4,803",227,4.7
ירושלים,1071,נווה מיכאל,0,878,122,13.9
ירושלים,825,נס הרים,0,"1,452",..,..
ירושלים,1113,צור הדסה,0,"11,584",101,0.9
ירושלים,1137,קריית יערים,0,"6,238","6,037",96.8
ירושלים,2039,קריית יערים (מוסד),0,165,..,..
ירושלים,456,שורש,0,"1,215",..,..
הצפון,2052,אביטל,0,495,..,..
הצפון,1294,אור הגנוז,0,593,479,80.8
הצפון,4017,אלוני הבשן,0,447,..,..
הצפון,4002,אלי-עד,0,464,..,..
הצפון,682,אליקים,0,928,134,14.4
הצפון,1276,אשבל,0,139,..,..
הצפון,559,בוסתן הגליל,0,"1,302",..,..
הצפון,368,בירייה,0,816,181,22.2
הצפון,572,בית העמק,0,713,..,..
הצפון,9200,בית שאן,1,"4,426",..,..
הצפון,9200,בית שאן,3,"5,120",520,10.1
הצפון,9200,בית שאן,4,"7,134",..,..
הצפון,712,בן עמי,0,777,..,..
הצפון,1293,גבעת אבני,0,"2,084",..,..
הצפון,574,גשר הזיו,0,"1,624",..,..
הצפון,300,דלייה,0,846,..,..
הצפון,431,דלתון,0,866,..,..
הצפון,307,הזורעים,0,"1,082",..,..
הצפון,1249,הרדוף,0,"1,105",..,..
הצפון,4005,חספין,0,"2,007",88,4.4
הצפון,2034,חצור הגלילית,0,"9,569","2,478",25.9
הצפון,6700,טבריה,11,"6,560",..,..
הצפון,6700,טבריה,12,"5,317","2,587",48.7
הצפון,6700,טבריה,13,"3,054","1,578",51.7
הצפון,6700,טבריה,14,"1,274",118,9.3
הצפון,6700,טבריה,15,812,184,22.7
הצפון,6700,טבריה,21,"5,040",..,..
הצפון,6700,טבריה,22,"1,710",..,..
הצפון,6700,טבריה,23,"2,467",244,9.9
הצפון,6700,טבריה,24,"2,683",55,2.1
הצפון,6700,טבריה,25,"2,994",66,2.2
הצפון,6700,טבריה,31,"3,450",215,6.2
הצפון,6700,טבריה,32,"2,837","1,460",51.5
הצפון,6700,טבריה,33,"1,736",439,25.3
הצפון,6700,טבריה,34,"2,087",526,25.2
הצפון,6700,טבריה,36,"3,845","1,602",41.7
הצפון,268,טירת צבי,0,923,..,..
הצפון,1214,טפחות,0,509,..,..
הצפון,46,יבנאל,0,"4,332","2,293",52.9
הצפון,4007,יונתן,0,770,..,..
הצפון,240,יקנעם עילית,1,"2,118",55,2.6
הצפון,240,יקנעם עילית,3,"1,849",..,..
הצפון,240,יקנעם עילית,4,"4,679",161,3.4
הצפון,240,יקנעם עילית,5,"7,301",..,..
הצפון,240,יקנעם עילית,7,"3,222",..,..
הצפון,1229,כלנית,0,251,..,..
הצפון,1263,כפר ורדים,0,"5,492",..,..
הצפון,786,כפר זיתים,0,796,109,13.8
הצפון,1297,כפר חנניה,0,762,..,..
הצפון,388,כפר קיש,0,663,..,..
הצפון,605,כפר שמאי,0,574,202,35.1
הצפון,1139,כרמיאל,12,"3,968",462,11.7
הצפון,1139,כרמיאל,13,"3,784",500,13.2
הצפון,1139,כרמיאל,14,"3,596",69,1.9
הצפון,1139,כרמיאל,21,"2,669",..,..
הצפון,1139,כרמיאל,22,"2,926",..,..
הצפון,1139,כרמיאל,23,"4,180",472,11.3
הצפון,1139,כרמיאל,24,"4,203",..,..
הצפון,1139,כרמיאל,33,"4,892",136,2.8
הצפון,1139,כרמיאל,34,"5,537",..,..
הצפון,65,מגדל,0,"1,980",227,11.5
הצפון,874,מגדל העמק,1,"3,817",652,17.1
הצפון,874,מגדל העמק,2,"3,249",620,19.1
הצפון,874,מגדל העמק,3,"3,965","1,369",34.5
הצפון,874,מגדל העמק,6,"5,368",602,11.2
הצפון,874,מגדל העמק,7,"2,909",68,2.3
הצפון,874,מגדל העמק,9,"3,387",121,3.6
הצפון,2029,מדרך עוז,0,794,..,..
הצפון,104,מזרע,0,802,..,..
הצפון,607,מירון,0,"1,076",464,43.1
הצפון,1154,מלכישוע,0,241,..,..
הצפון,1205,מנות,0,475,..,..
הצפון,48,מנחמיה,0,"1,054",93,8.8
הצפון,1063,מעלות-תרשיחא,1,"4,211",..,..
הצפון,1063,מעלות-תרשיחא,3,"3,951",..,..
הצפון,1063,מעלות-תרשיחא,4,"4,763",496,10.4
הצפון,1063,מעלות-תרשיחא,5,"5,343",188,3.5
הצפון,1190,מצפה נטופה,0,"1,035",..,..
הצפון,97,מרחביה (מושב),0,666,..,..
הצפון,9100,נהרייה,13,"5,703",262,4.6
הצפון,9100,נהרייה,21,"4,629",325,7.0
הצפון,9100,נהרייה,23,"7,088",..,..
הצפון,9100,נהרייה,24,"4,241",..,..
הצפון,9100,נהרייה,31,"4,412",..,..
הצפון,9100,נהרייה,32,"4,592",..,..
הצפון,9100,נהרייה,33,"4,340",..,..
הצפון,9100,נהרייה,34,"3,265",..,..
הצפון,9100,נהרייה,41,"5,804",..,..
הצפון,9100,נהרייה,43,"3,433",..,..
הצפון,4304,נוב,0,995,..,..
הצפון,1061,נוף הגליל,11,"6,830",..,..
הצפון,1061,נוף הגליל,12,"3,825","1,031",26.9
הצפון,1061,נוף הגליל,21,"3,512",97,2.8
הצפון,1061,נוף הגליל,22,"3,353",174,5.2
הצפון,1061,נוף הגליל,23,"2,262",75,3.3
הצפון,1061,נוף הגליל,24,"2,685",144,5.4
הצפון,1061,נוף הגליל,31,"2,659",..,..
הצפון,1061,נוף הגליל,32,"2,130",..,..
הצפון,1061,נוף הגליל,33,"2,538",..,..
הצפון,1061,נוף הגליל,34,"2,834",93,3.3
הצפון,1061,נוף הגליל,41,"3,116",..,..
הצפון,1061,נוף הגליל,42,"1,607",..,..
הצפון,1061,נוף הגליל,43,"4,586",..,..
הצפון,4014,נטור,0,871,..,..
הצפון,7600,עכו,11,"2,142",150,7.0
הצפון,7600,עכו,13,"5,468",118,2.2
הצפון,7600,עכו,14,"3,102",153,4.9
הצפון,7600,עכו,15,"3,615",..,..
הצפון,7600,עכו,21,"2,834",90,3.2
הצפון,7600,עכו,22,"2,675",93,3.5
הצפון,7600,עכו,23,"3,250",..,..
הצפון,7600,עכו,24,"2,852",..,..
הצפון,7600,עכו,25,"1,474",57,3.8
הצפון,688,עלמה,0,707,63,8.9
הצפון,708,עמקה,0,794,86,10.9
הצפון,7700,עפולה,11,"3,624","1,031",28.5
הצפון,7700,עפולה,12,"2,023",..,..
הצפון,7700,עפולה,13,"3,578",780,21.8
הצפון,7700,עפולה,14,197,183,93.0
הצפון,7700,עפולה,15,"4,771","1,737",36.4
הצפון,7700,עפולה,16,"4,231",502,11.9
הצפון,7700,עפולה,18,"7,642",146,1.9
הצפון,7700,עפולה,21,"9,728",72,0.7
הצפון,7700,עפולה,23,"5,918",106,1.8
הצפון,7700,עפולה,24,"4,715",83,1.8
הצפון,7700,עפולה,25,"5,380",241,4.5
הצפון,7700,עפולה,26,"4,962",..,..
הצפון,8000,צפת,1,"4,582",124,2.7
הצפון,8000,צפת,2,"4,690","2,685",57.2
הצפון,8000,צפת,3,564,..,..
הצפון,8000,צפת,4,"4,168","2,466",59.2
הצפון,8000,צפת,5,"4,028","2,680",66.5
הצפון,8000,צפת,6,"6,015","4,482",74.5
הצפון,8000,צפת,7,"5,067","2,839",56.0
הצפון,8000,צפת,8,"4,712",690,14.7
הצפון,8000,צפת,10,"1,746",119,6.8
הצפון,4100,קצרין,0,"7,500",195,2.6
הצפון,2800,קריית שמונה,2,"4,312",..,..
הצפון,2800,קריית שמונה,3,"3,251",..,..
הצפון,2800,קריית שמונה,4,"3,996",..,..
הצפון,2800,קריית שמונה,5,"2,321",107,4.6
הצפון,2800,קריית שמונה,6,"2,665",..,..
הצפון,2800,קריית שמונה,8,"3,437",..,..
הצפון,2800,קריית שמונה,10,"1,959",53,2.7
הצפון,4006,קשת,0,842,..,..
הצפון,135,רמת דוד,0,540,..,..
הצפון,122,רמת ישי,0,"7,897",..,..
הצפון,4701,רמת מגשימים,0,755,..,..
הצפון,304,שדה אליהו,0,705,..,..
הצפון,142,שדה יעקב,0,"1,096",..,..
הצפון,259,שדה נחום,0,913,..,..
הצפון,614,שומרה,0,367,..,..
הצפון,812,שלומי,0,"6,754",139,2.1
חיפה,1020,אור עקיבא,1,"5,164",..,..
חיפה,1020,אור עקיבא,2,"3,006",..,..
חיפה,1020,אור עקיבא,3,"5,035",486,9.7
חיפה,1020,אור עקיבא,5,"3,986",..,..
חיפה,868,אלוני יצחק,0,299,..,..
חיפה,212,בית צבי,0,314,143,45.6
חיפה,9800,בנימינה-גבעת עדה*,3,"5,055",..,..
חיפה,9800,בנימינה-גבעת עדה*,4,"2,165",..,..
חיפה,683,גבע כרמל,0,"1,220",..,..
חיפה,9300,זכרון יעקב,2,"6,588",792,12.0
חיפה,9300,זכרון יעקב,3,"5,796",..,..
חיפה,9300,זכרון יעקב,4,"8,616","1,757",20.4
חיפה,6500,חדרה,12,"3,898",..,..
חיפה,6500,חדרה,13,"5,971",..,..
חיפה,6500,חדרה,21,"3,411",..,..
חיפה,6500,חדרה,31,"4,872",414,8.5
חיפה,6500,חדרה,32,"6,127",868,14.2
חיפה,6500,חדרה,41,"14,712",..,..
חיפה,6500,חדרה,42,"2,726",..,..
חיפה,6500,חדרה,43,"2,655",102,3.8
חיפה,6500,חדרה,44,"4,769","1,711",35.9
חיפה,6500,חדרה,45,"4,054",277,6.8
חיפה,6500,חדרה,51,"4,834",103,2.1
חיפה,6500,חדרה,52,"4,265",..,..
חיפה,6500,חדרה,61,"3,869",..,..
חיפה,6500,חדרה,62,"2,714",92,3.4
חיפה,6500,חדרה,64,"6,009",170,2.8
חיפה,6500,חדרה,65,883,..,..
חיפה,4000,חיפה,111,"2,441",759,31.1
חיפה,4000,חיפה,112,"5,876","1,385",23.6
חיפה,4000,חיפה,121,"4,871",..,..
חיפה,4000,חיפה,135,"4,764",..,..
חיפה,4000,חיפה,314,"1,425",52,3.7
חיפה,4000,חיפה,334,"3,615",..,..
חיפה,4000,חיפה,411,"3,547",62,1.7
חיפה,4000,חיפה,412,"3,103",..,..
חיפה,4000,חיפה,421,"2,049",..,..
חיפה,4000,חיפה,426,"3,823",..,..
חיפה,4000,חיפה,528,"3,798",..,..
חיפה,4000,חיפה,622,"3,191","1,053",33.0
חיפה,4000,חיפה,623,"3,550",952,26.8
חיפה,4000,חיפה,631,"4,503","1,075",23.9
חיפה,4000,חיפה,633,"1,529",..,..
חיפה,4000,חיפה,634,"1,516",..,..
חיפה,4000,חיפה,641,"4,058","1,825",45.0
חיפה,4000,חיפה,642,"4,570","3,643",79.7
חיפה,4000,חיפה,643,"2,399","2,186",91.1
חיפה,4000,חיפה,644,720,229,31.8
חיפה,4000,חיפה,713,"5,058",..,..
חיפה,4000,חיפה,714,"5,037",..,..
חיפה,4000,חיפה,721,"4,077",633,15.5
חיפה,4000,חיפה,722,"3,769","1,043",27.7
חיפה,4000,חיפה,723,"4,941",95,1.9
חיפה,4000,חיפה,731,"2,438",..,..
חיפה,4000,חיפה,811,"3,513",984,28.0
חיפה,4000,חיפה,812,"3,479",..,..
חיפה,4000,חיפה,821,"5,021",..,..
חיפה,4000,חיפה,822,"1,901",71,3.7
חיפה,4000,חיפה,922,"3,743",..,..
חיפה,4000,חיפה,933,"3,626",..,..
חיפה,4000,חיפה,934,"3,300",..,..
חיפה,4000,חיפה,942,"1,923",..,..
חיפה,4000,חיפה,943,"3,653",..,..
חיפה,1247,חריש,0,"19,567","2,957",15.1
חיפה,2100,טירת כרמל,1,"1,726",..,..
חיפה,2100,טירת כרמל,3,"4,363",..,..
חיפה,2100,טירת כרמל,4,"1,848",74,4.0
חיפה,2100,טירת כרמל,5,"4,929",301,6.1
חיפה,2100,טירת כרמל,7,"3,026",..,..
חיפה,890,כפר הנוער הדתי,0,376,..,..
חיפה,112,כפר חסידים א',0,837,..,..
חיפה,189,כפר פינס,0,"1,088",..,..
חיפה,102,מאיר שפיה,0,336,..,..
חיפה,1370,מצפה אילן,0,725,..,..
חיפה,926,נווה אבות,0,50,..,..
חיפה,769,ניר עציון,0,967,..,..
חיפה,2500,נשר,2,"3,514",143,4.1
חיפה,2500,נשר,6,"3,341",..,..
חיפה,53,עתלית,0,"9,731",100,1.0
חיפה,7800,פרדס חנה-כרכור,1,"4,942",..,..
חיפה,7800,פרדס חנה-כרכור,2,"4,189",..,..
חיפה,7800,פרדס חנה-כרכור,5,"3,520",..,..
חיפה,7800,פרדס חנה-כרכור,6,"3,346",..,..
חיפה,7800,פרדס חנה-כרכור,7,"3,633",66,1.8
חיפה,7800,פרדס חנה-כרכור,9,"6,133",123,2.0
חיפה,7800,פרדס חנה-כרכור,10,"5,606",..,..
חיפה,6800,קריית אתא,11,"6,437",..,..
חיפה,6800,קריית אתא,12,"5,220",..,..
חיפה,6800,קריית אתא,13,"4,055",114,2.8
חיפה,6800,קריית אתא,14,"3,892",..,..
חיפה,6800,קריית אתא,21,"6,483",..,..
חיפה,6800,קריית אתא,22,"5,497",917,16.7
חיפה,6800,קריית אתא,23,"4,978",924,18.6
חיפה,6800,קריית אתא,24,"6,079",492,8.1
חיפה,6800,קריית אתא,25,"8,814",497,5.6
חיפה,6800,קריית אתא,32,"3,471",76,2.2
חיפה,9500,קריית ביאליק,2,"4,991",71,1.4
חיפה,9500,קריית ביאליק,3,"5,076",..,..
חיפה,9500,קריית ביאליק,5,"4,728",..,..
חיפה,9500,קריית ביאליק,7,"3,240",..,..
חיפה,9500,קריית ביאליק,10,"4,270",..,..
חיפה,9500,קריית ביאליק,11,"5,974",..,..
חיפה,2300,קריית טבעון,1,"6,002",..,..
חיפה,2300,קריית טבעון,4,"3,429",..,..
חיפה,9600,קריית ים,14,"4,264",..,..
חיפה,9600,קריית ים,22,"2,050",..,..
חיפה,9600,קריית ים,23,"1,819",114,6.2
חיפה,9600,קריית ים,25,"2,324",..,..
חיפה,9600,קריית ים,34,"5,004",..,..
חיפה,8200,קריית מוצקין,12,"7,557",..,..
חיפה,8200,קריית מוצקין,22,"5,141",..,..
חיפה,8200,קריית מוצקין,23,"2,129",..,..
חיפה,8200,קריית מוצקין,31,"2,096",89,4.3
חיפה,8200,קריית מוצקין,32,"2,329",..,..
חיפה,922,רכסים,0,"13,265","12,099",91.2
חיפה,2008,שדה יצחק,0,715,..,..
חיפה,327,שדות ים,0,"1,108",..,..
חיפה,237,שער העמקים,0,763,..,..
חיפה,921,שער מנשה,0,527,..,..
המרכז,182,אבן יהודה,0,"14,020",..,..
המרכז,797,אחיעזר,0,"1,978",724,36.6
המרכז,41,אליכין,0,"3,484",339,9.7
המרכז,841,אלישמע,0,"1,204",..,..
המרכז,1309,אלעד,1,"8,259","7,398",89.6
המרכז,1309,אלעד,2,"6,955","5,683",81.7
המרכז,1309,אלעד,3,"5,366","4,492",83.7
המרכז,1309,אלעד,4,"6,762","6,186",91.5
המרכז,1309,אלעד,5,"6,325","5,698",90.1
המרכז,1309,אלעד,6,"7,237","6,698",92.6
המרכז,1309,אלעד,7,"8,263","7,729",93.5
המרכז,2530,באר יעקב,0,"29,015",765,2.6
המרכז,2043,בחן,0,"1,115",..,..
המרכז,1076,בית ברל,0,226,..,..
המרכז,466,בית דגן,0,"7,299",..,..
המרכז,2033,בית חלקיה,0,"1,407","1,402",99.6
המרכז,848,בית רבן,0,931,..,..
המרכז,1084,בן שמן (כפר נוער),0,671,..,..
המרכז,1066,"בני עי""ש",0,"6,925",50,0.7
המרכז,588,בני ראם,0,"1,428",205,14.3
המרכז,2038,ברקת,0,"2,127",556,26.1
המרכז,379,גאולים,0,969,..,..
המרכז,681,גבעת שמואל,1,"3,539",..,..
המרכז,681,גבעת שמואל,2,"4,956",64,1.3
המרכז,681,גבעת שמואל,3,"4,122",..,..
המרכז,681,גבעת שמואל,4,"11,663",..,..
המרכז,681,גבעת שמואל,5,"2,969",..,..
המרכז,2550,גדרה,1,"3,074",231,7.5
המרכז,2550,גדרה,2,"5,966",..,..
המרכז,2550,גדרה,3,"4,447",83,1.9
המרכז,2550,גדרה,4,"15,409",..,..
המרכז,196,גיבתון,0,386,..,..
המרכז,166,גן יבנה,2,"11,155",..,..
המרכז,166,גן יבנה,3,"6,902",154,2.2
המרכז,229,גני תקווה,1,"13,438","1,174",8.7
המרכז,229,גני תקווה,3,"5,126",..,..
המרכז,9700,הוד השרון,11,"3,845",66,1.7
המרכז,9700,הוד השרון,14,"3,640",..,..
המרכז,9700,הוד השרון,15,"3,003",..,..
המרכז,9700,הוד השרון,24,"4,998",..,..
המרכז,9700,הוד השרון,31,"4,856",..,..
המרכז,9700,הוד השרון,32,"3,495",..,..
המרכז,9700,הוד השרון,33,"2,119",..,..
המרכז,788,זיתן,0,"1,039",78,7.5
המרכז,235,חבצלת השרון,0,487,..,..
המרכז,801,"חמ""ד",0,"1,317",339,25.8
המרכז,422,חרב לאת,0,930,..,..
המרכז,2660,יבנה,1,610,..,..
המרכז,2660,יבנה,4,"4,780",223,4.7
המרכז,2660,יבנה,5,"4,334",71,1.6
המרכז,2660,יבנה,6,"4,949",545,11.0
המרכז,2660,יבנה,7,"4,421",536,12.1
המרכז,2660,יבנה,8,"6,640",..,..
המרכז,2660,יבנה,9,"17,529",..,..
המרכז,577,יד בנימין,0,"4,253","1,082",25.4
המרכז,9400,יהוד-מונוסון,1,"3,470",..,..
המרכז,9400,יהוד-מונוסון,3,"2,506",..,..
המרכז,9400,יהוד-מונוסון,4,"8,271",..,..
המרכז,9400,יהוד-מונוסון,5,"3,380",..,..
המרכז,753,ינוב,0,930,..,..
המרכז,440,יסודות,0,992,936,94.3
המרכז,217,"כפר הרא""ה",0,"1,475",..,..
המרכז,696,"כפר חב""ד",0,"6,733","6,504",96.6
המרכז,168,כפר יונה,1,"10,076",129,1.3
המרכז,168,כפר יונה,2,"7,092",..,..
המרכז,168,כפר יונה,3,"9,014",..,..
המרכז,6900,כפר סבא,15,"4,418",..,..
המרכז,6900,כפר סבא,22,"13,066",..,..
המרכז,6900,כפר סבא,31,"2,728",..,..
המרכז,6900,כפר סבא,37,"3,228",..,..
המרכז,6900,כפר סבא,42,"2,367",..,..
המרכז,6900,כפר סבא,43,"2,707",..,..
המרכז,6900,כפר סבא,44,"4,899",..,..
המרכז,6900,כפר סבא,53,"3,218",..,..
המרכז,6900,כפר סבא,56,"3,467",..,..
המרכז,875,כפר עבודה,0,225,..,..
המרכז,1094,כרם יבנה (ישיבה),0,529,..,..
המרכז,7000,לוד,13,"7,298",..,..
המרכז,7000,לוד,14,"4,067",..,..
המרכז,7000,לוד,21,"4,235",124,2.9
המרכז,7000,לוד,22,"3,617",106,2.9
המרכז,7000,לוד,23,"8,900","3,252",36.5
המרכז,7000,לוד,24,"3,163",..,..
המרכז,7000,לוד,32,"4,999",270,5.4
המרכז,7000,לוד,41,"2,909",164,5.6
המרכז,7000,לוד,42,"7,314","2,547",34.8
המרכז,7000,לוד,51,"3,396",116,3.4
המרכז,1318,מבואות ים,0,369,..,..
המרכז,897,מדרשת רופין,0,226,..,..
המרכז,1200,מודיעין-מכבים-רעות*,12,"4,558",..,..
המרכז,1200,מודיעין-מכבים-רעות*,16,"3,431",..,..
המרכז,1200,מודיעין-מכבים-רעות*,17,"4,248",..,..
המרכז,1200,מודיעין-מכבים-רעות*,33,"5,896",..,..
המרכז,28,מזכרת בתיה,0,"15,093",..,..
המרכז,194,משמר השרון,0,622,..,..
המרכז,1333,נוף איילון,0,"2,080",..,..
המרכז,447,נורדייה,0,"2,233",..,..
המרכז,449,נחלים,0,"1,848",62,3.4
המרכז,720,ניר גלים,0,"1,408",..,..
המרכז,7200,נס ציונה,1,"4,172",129,3.1
המרכז,7200,נס ציונה,2,"6,442",..,..
המרכז,7200,נס ציונה,4,"4,443",..,..
המרכז,7200,נס ציונה,5,"3,773",..,..
המרכז,7200,נס ציונה,8,"7,067",60,0.8
המרכז,186,נעורים,0,413,..,..
המרכז,7400,נתניה,112,"3,009",..,..
המרכז,7400,נתניה,113,"4,807",..,..
המרכז,7400,נתניה,114,"9,150",283,3.1
המרכז,7400,נתניה,115,"23,691",87,0.4
המרכז,7400,נתניה,211,"3,868",..,..
המרכז,7400,נתניה,212,"3,380",362,10.7
המרכז,7400,נתניה,213,"3,868",431,11.1
המרכז,7400,נתניה,221,"4,778","1,218",25.5
המרכז,7400,נתניה,222,"2,380",255,10.7
המרכז,7400,נתניה,223,"4,064","3,238",79.7
המרכז,7400,נתניה,231,"5,028",515,10.2
המרכז,7400,נתניה,232,"3,441",..,..
המרכז,7400,נתניה,241,"4,732",126,2.7
המרכז,7400,נתניה,242,"3,160",92,2.9
המרכז,7400,נתניה,311,"2,774",..,..
המרכז,7400,נתניה,313,"2,725",..,..
המרכז,7400,נתניה,321,"3,281",..,..
המרכז,7400,נתניה,322,"6,465",53,0.8
המרכז,7400,נתניה,323,"3,406",..,..
המרכז,7400,נתניה,324,"2,014",..,..
המרכז,7400,נתניה,331,"2,464",..,..
המרכז,7400,נתניה,332,"2,264",711,31.4
המרכז,7400,נתניה,333,"3,444",931,27.0
המרכז,7400,נתניה,334,"2,955",80,2.7
המרכז,7400,נתניה,341,"4,384",..,..
המרכז,7400,נתניה,342,"2,785",84,3.0
המרכז,7400,נתניה,343,"2,718",542,19.9
המרכז,7400,נתניה,351,"6,181","1,879",30.4
המרכז,7400,נתניה,352,"10,892","2,424",22.3
המרכז,7400,נתניה,353,"1,003",215,21.4
המרכז,7400,נתניה,354,"2,596",58,2.2
המרכז,7400,נתניה,355,"2,112",136,6.5
המרכז,7400,נתניה,411,"1,816",86,4.7
המרכז,7400,נתניה,414,"5,258",109,2.1
המרכז,7400,נתניה,421,"3,683",..,..
המרכז,7400,נתניה,431,"4,897",480,9.8
המרכז,7400,נתניה,432,"1,855",185,10.0
המרכז,7400,נתניה,511,"3,475",326,9.4
המרכז,7400,נתניה,512,"1,609",126,7.8
המרכז,7400,נתניה,521,"4,335",..,..
המרכז,7400,נתניה,532,"4,000",..,..
המרכז,7400,נתניה,534,"2,650",..,..
המרכז,2035,עדנים,0,517,..,..
המרכז,837,עזריאל,0,866,..,..
המרכז,157,עין ורד,0,"1,545",..,..
המרכז,7900,פתח תקווה,111,"1,980",..,..
המרכז,7900,פתח תקווה,112,"4,647",54,1.2
המרכז,7900,פתח תקווה,114,"3,812",107,2.8
המרכז,7900,פתח תקווה,115,"15,207",..,..
המרכז,7900,פתח תקווה,121,"20,295",..,..
המרכז,7900,פתח תקווה,127,"2,296",..,..
המרכז,7900,פתח תקווה,131,"5,531",..,..
המרכז,7900,פתח תקווה,132,713,..,..
המרכז,7900,פתח תקווה,134,"1,786",..,..
המרכז,7900,פתח תקווה,141,"1,622",767,47.3
המרכז,7900,פתח תקווה,142,"1,452",377,26.0
המרכז,7900,פתח תקווה,143,"2,719",69,2.5
המרכז,7900,פתח תקווה,144,"2,158",..,..
המרכז,7900,פתח תקווה,145,"3,229",682,21.1
המרכז,7900,פתח תקווה,211,"13,287",..,..
המרכז,7900,פתח תקווה,212,"8,174",115,1.4
המרכז,7900,פתח תקווה,213,"1,347",..,..
המרכז,7900,פתח תקווה,221,"3,134",151,4.8
המרכז,7900,פתח תקווה,222,"3,553",..,..
המרכז,7900,פתח תקווה,223,"3,688",397,10.8
המרכז,7900,פתח תקווה,224,"3,149",776,24.7
המרכז,7900,פתח תקווה,231,"6,526","1,551",23.8
המרכז,7900,פתח תקווה,232,"3,225",164,5.1
המרכז,7900,פתח תקווה,233,"3,074",..,..
המרכז,7900,פתח תקווה,234,"3,198",376,11.8
המרכז,7900,פתח תקווה,235,"2,745",649,23.6
המרכז,7900,פתח תקווה,236,"3,915","1,710",43.7
המרכז,7900,פתח תקווה,311,"4,549",446,9.8
המרכז,7900,פתח תקווה,312,"4,968",..,..
המרכז,7900,פתח תקווה,313,"3,510",..,..
המרכז,7900,פתח תקווה,322,"2,379",120,5.1
המרכז,7900,פתח תקווה,324,"3,215",..,..
המרכז,7900,פתח תקווה,411,"1,646",..,..
המרכז,7900,פתח תקווה,412,"2,445",76,3.1
המרכז,7900,פתח תקווה,413,"2,020",95,4.7
המרכז,7900,פתח תקווה,414,"3,611",..,..
המרכז,7900,פתח תקווה,415,"2,569",..,..
המרכז,7900,פתח תקווה,421,"3,296",191,5.8
המרכז,7900,פתח תקווה,422,"2,826",..,..
המרכז,7900,פתח תקווה,423,"5,748",280,4.9
המרכז,7900,פתח תקווה,424,"4,264",..,..
המרכז,7900,פתח תקווה,432,"2,916",437,15.0
המרכז,7900,פתח תקווה,433,"4,060",127,3.1
המרכז,7900,פתח תקווה,434,"1,430",381,26.7
המרכז,7900,פתח תקווה,511,"2,137",552,25.8
המרכז,7900,פתח תקווה,512,"3,431","1,444",42.1
המרכז,7900,פתח תקווה,513,"3,450",..,..
המרכז,7900,פתח תקווה,514,766,56,7.2
המרכז,7900,פתח תקווה,515,"1,704",..,..
המרכז,7900,פתח תקווה,521,"5,606",165,2.9
המרכז,7900,פתח תקווה,522,"6,854","1,705",24.9
המרכז,7900,פתח תקווה,523,"9,074","6,313",69.6
המרכז,7900,פתח תקווה,524,"5,162","1,115",21.6
המרכז,276,צור משה,0,"3,312",..,..
המרכז,195,קדימה-צורן,3,"4,193",..,..
המרכז,195,קדימה-צורן,4,"5,911",139,2.3
המרכז,195,קדימה-צורן,5,"3,029",71,2.4
המרכז,469,קריית עקרון,2,"4,661",..,..
המרכז,469,קריית עקרון,3,"3,563",179,5.0
המרכז,469,קריית עקרון,4,"2,853",141,4.9
המרכז,412,קריית שלמה,0,233,..,..
המרכז,2640,ראש העין,2,"9,267","1,441",15.5
המרכז,2640,ראש העין,3,"4,305",784,18.2
המרכז,2640,ראש העין,4,"5,136",760,14.8
המרכז,2640,ראש העין,5,"4,319",135,3.1
המרכז,2640,ראש העין,6,"3,583",311,8.7
המרכז,2640,ראש העין,7,"4,528",396,8.7
המרכז,2640,ראש העין,8,"21,058",..,..
המרכז,2640,ראש העין,13,"7,725",..,..
המרכז,8300,ראשון לציון,115,"4,620",..,..
המרכז,8300,ראשון לציון,116,"4,276",233,5.5
המרכז,8300,ראשון לציון,117,"4,261",..,..
המרכז,8300,ראשון לציון,121,"4,009",..,..
המרכז,8300,ראשון לציון,123,"2,901",63,2.2
המרכז,8300,ראשון לציון,125,"6,251",..,..
המרכז,8300,ראשון לציון,126,"9,085",196,2.2
המרכז,8300,ראשון לציון,212,"8,313",..,..
המרכז,8300,ראשון לציון,213,"5,204",..,..
המרכז,8300,ראשון לציון,214,"5,259",..,..
המרכז,8300,ראשון לציון,215,"4,821",..,..
המרכז,8300,ראשון לציון,221,"5,145",..,..
המרכז,8300,ראשון לציון,223,"6,229",..,..
המרכז,8300,ראשון לציון,224,"2,617",..,..
המרכז,8300,ראשון לציון,225,"3,329",..,..
המרכז,8300,ראשון לציון,311,"11,575",739,6.4
המרכז,8300,ראשון לציון,312,"3,642",308,8.5
המרכז,8300,ראשון לציון,422,"3,780",..,..
המרכז,8300,ראשון לציון,425,"3,129",..,..
המרכז,8300,ראשון לציון,511,"5,072",..,..
המרכז,8300,ראשון לציון,512,"3,666",..,..
המרכז,8300,ראשון לציון,513,"2,800",99,3.5
המרכז,8300,ראשון לציון,521,"4,736",..,..
המרכז,8300,ראשון לציון,522,"4,716",..,..
המרכז,8300,ראשון לציון,531,"4,939",..,..
המרכז,8300,ראשון לציון,533,"4,547",..,..
המרכז,8300,ראשון לציון,611,"2,811",..,..
המרכז,8300,ראשון לציון,614,"5,800",..,..
המרכז,8300,ראשון לציון,615,"5,164",..,..
המרכז,8300,ראשון לציון,617,"5,615",..,..
המרכז,8300,ראשון לציון,623,"2,724",..,..
המרכז,8300,ראשון לציון,624,"6,482",..,..
המרכז,8400,רחובות,113,505,..,..
המרכז,8400,רחובות,115,"4,031",..,..
המרכז,8400,רחובות,117,"5,549","2,680",48.3
המרכז,8400,רחובות,121,"4,412","1,770",40.1
המרכז,8400,רחובות,124,"3,793","1,195",31.5
המרכז,8400,רחובות,211,"4,068","1,392",34.2
המרכז,8400,רחובות,212,"2,428",949,39.1
המרכז,8400,רחובות,213,"4,589",188,4.1
המרכז,8400,רחובות,222,"7,084",585,8.3
המרכז,8400,רחובות,231,"3,640",395,10.9
המרכז,8400,רחובות,232,"5,506","2,867",52.1
המרכז,8400,רחובות,313,"3,273",..,..
המרכז,8400,רחובות,321,"5,869",132,2.2
המרכז,8400,רחובות,322,"5,081",86,1.7
המרכז,8400,רחובות,412,"2,423",..,..
המרכז,8400,רחובות,425,"5,360",..,..
המרכז,8400,רחובות,431,"8,940",60,0.7
המרכז,8400,רחובות,432,"5,404",52,1.0
המרכז,8500,רמלה,11,"3,313",115,3.5
המרכז,8500,רמלה,14,"4,314",196,4.5
המרכז,8500,רמלה,17,"4,139",79,1.9
המרכז,8500,רמלה,22,"3,773",276,7.3
המרכז,8500,רמלה,23,"2,156",65,3.0
המרכז,8500,רמלה,31,"4,562",209,4.6
המרכז,8500,רמלה,32,"3,294",..,..
המרכז,8500,רמלה,34,"2,880",65,2.3
המרכז,8500,רמלה,35,"3,231",..,..
המרכז,8500,רמלה,42,"5,080",77,1.5
המרכז,8500,רמלה,43,"4,267",51,1.2
המרכז,8500,רמלה,44,"3,031",..,..
המרכז,8700,רעננה,12,"2,658",..,..
המרכז,8700,רעננה,14,"2,668",..,..
המרכז,8700,רעננה,18,"2,604",..,..
המרכז,8700,רעננה,19,"2,414",..,..
המרכז,8700,רעננה,22,"3,491",293,8.4
המרכז,8700,רעננה,23,"2,813",233,8.3
המרכז,8700,רעננה,26,"8,042",69,0.9
המרכז,8700,רעננה,27,"4,212",..,..
המרכז,8700,רעננה,28,"2,978",..,..
המרכז,8700,רעננה,33,"3,755",..,..
המרכז,8700,רעננה,34,"3,690",..,..
המרכז,856,שעלבים,0,"1,910",..,..
המרכז,154,תל מונד,0,"13,492",..,..
תל אביב,2400,אור יהודה,2,"2,483",258,10.4
תל אביב,2400,אור יהודה,3,"2,380",..,..
תל אביב,2400,אור יהודה,4,"3,489",455,13.0
תל אביב,2400,אור יהודה,5,"2,088",78,3.7
תל אביב,2400,אור יהודה,7,"3,277",70,2.1
תל אביב,2400,אור יהודה,8,"1,778",311,17.5
תל אביב,2400,אור יהודה,9,"7,186",68,0.9
תל אביב,2400,אור יהודה,10,"3,284",..,..
תל אביב,2400,אור יהודה,12,"4,377",..,..
תל אביב,565,אזור,1,"4,350",..,..
תל אביב,565,אזור,2,"3,942",175,4.4
תל אביב,565,אזור,3,"5,040",..,..
תל אביב,6100,בני ברק,112,"2,597","2,284",87.9
תל אביב,6100,בני ברק,113,"3,685","2,998",81.3
תל אביב,6100,בני ברק,114,"4,500","3,955",87.9
תל אביב,6100,בני ברק,115,"6,795","5,916",87.1
תל אביב,6100,בני ברק,116,78,56,71.9
תל אביב,6100,בני ברק,121,"3,831","1,911",49.9
תל אביב,6100,בני ברק,122,"5,857","4,038",68.9
תל אביב,6100,בני ברק,123,"9,872","7,195",72.9
תל אביב,6100,בני ברק,211,"6,842","6,305",92.2
תל אביב,6100,בני ברק,212,"5,110","4,909",96.1
תל אביב,6100,בני ברק,213,"5,161","5,157",99.9
תל אביב,6100,בני ברק,214,"4,167","4,146",99.5
תל אביב,6100,בני ברק,221,"4,305","4,281",99.4
תל אביב,6100,בני ברק,222,"7,823","7,474",95.5
תל אביב,6100,בני ברק,223,"9,936","9,584",96.5
תל אביב,6100,בני ברק,231,"3,525","2,639",74.9
תל אביב,6100,בני ברק,232,"7,895","6,808",86.2
תל אביב,6100,בני ברק,233,"8,371","7,951",95.0
תל אביב,6100,בני ברק,311,"7,049","6,932",98.3
תל אביב,6100,בני ברק,312,"4,997","4,967",99.4
תל אביב,6100,בני ברק,313,"4,926","4,861",98.7
תל אביב,6100,בני ברק,314,"5,733","5,273",92.0
תל אביב,6100,בני ברק,315,"10,756","9,981",92.8
תל אביב,6100,בני ברק,321,"5,525","5,472",99.1
תל אביב,6100,בני ברק,322,"7,152","7,100",99.3
תל אביב,6100,בני ברק,323,"7,014","6,970",99.4
תל אביב,6100,בני ברק,411,"10,241","9,592",93.7
תל אביב,6100,בני ברק,412,"2,136","2,111",98.8
תל אביב,6100,בני ברק,413,"5,001","4,959",99.2
תל אביב,6100,בני ברק,414,"2,968","2,959",99.7
תל אביב,6100,בני ברק,415,"3,955","3,915",99.0
תל אביב,6100,בני ברק,421,"2,190","1,514",69.1
תל אביב,6100,בני ברק,422,"3,693","3,687",99.8
תל אביב,6100,בני ברק,423,"4,496","4,485",99.8
תל אביב,6100,בני ברק,424,"4,896","4,784",97.7
תל אביב,6100,בני ברק,425,"4,784","4,615",96.5
תל אביב,6100,בני ברק,426,"6,747","6,161",91.3
תל אביב,6100,בני ברק,427,"4,183","4,044",96.7
תל אביב,6200,בת ים,113,"4,523",..,..
תל אביב,6200,בת ים,212,"4,159",..,..
תל אביב,6200,בת ים,213,"2,839",..,..
תל אביב,6200,בת ים,214,"2,868",..,..
תל אביב,6200,בת ים,215,"4,293",..,..
תל אביב,6200,בת ים,217,"4,139",..,..
תל אביב,6200,בת ים,222,"3,993",..,..
תל אביב,6200,בת ים,223,"2,228",..,..
תל אביב,6200,בת ים,225,"2,038",..,..
תל אביב,6200,בת ים,227,"1,871",..,..
תל אביב,6200,בת ים,313,"3,219",..,..
תל אביב,6200,בת ים,314,"3,660",..,..
תל אביב,6200,בת ים,315,"3,615",..,..
תל אביב,6200,בת ים,316,"2,332",..,..
תל אביב,6200,בת ים,322,"5,056",51,1.0
תל אביב,6200,בת ים,411,"3,498",111,3.2
תל אביב,6200,בת ים,412,"4,412",717,16.3
תל אביב,6200,בת ים,413,"3,936",177,4.5
תל אביב,6200,בת ים,421,"4,566",..,..
תל אביב,6200,בת ים,512,"3,068",..,..
תל אביב,6200,בת ים,513,"2,821",224,7.9
תל אביב,6200,בת ים,514,"3,170",150,4.7
תל אביב,6200,בת ים,522,"5,081","1,313",25.8
תל אביב,6300,גבעתיים,21,"4,696",..,..
תל אביב,6300,גבעתיים,43,"3,713",..,..
תל אביב,6300,גבעתיים,44,"3,386",..,..
תל אביב,6400,הרצלייה,11,"3,249",144,4.4
תל אביב,6400,הרצלייה,12,"4,700",78,1.7
תל אביב,6400,הרצלייה,13,"4,453",50,1.1
תל אביב,6400,הרצלייה,21,"4,813",..,..
תל אביב,6400,הרצלייה,31,"1,863",..,..
תל אביב,6400,הרצלייה,35,"3,994",..,..
תל אביב,6400,הרצלייה,41,"3,145",..,..
תל אביב,6400,הרצלייה,51,"3,292",..,..
תל אביב,6400,הרצלייה,57,"3,102",..,..
תל אביב,6400,הרצלייה,63,"4,001",..,..
תל אביב,6400,הרצלייה,65,"3,622",..,..
תל אביב,6400,הרצלייה,66,"4,744",..,..
תל אביב,6600,חולון,211,"4,095",105,2.6
תל אביב,6600,חולון,212,"3,827",201,5.2
תל אביב,6600,חולון,213,"4,435",..,..
תל אביב,6600,חולון,214,"4,276",..,..
תל אביב,6600,חולון,215,"2,440",126,5.2
תל אביב,6600,חולון,216,"3,158",58,1.8
תל אביב,6600,חולון,223,"2,861",194,6.8
תל אביב,6600,חולון,224,"2,130",62,2.9
תל אביב,6600,חולון,225,"4,556",464,10.2
תל אביב,6600,חולון,312,"2,484",..,..
תל אביב,6600,חולון,313,"3,562",..,..
תל אביב,6600,חולון,314,"3,005",87,2.9
תל אביב,6600,חולון,321,"3,962",..,..
תל אביב,6600,חולון,324,"3,489",..,..
תל אביב,6600,חולון,334,"2,092",..,..
תל אביב,6600,חולון,411,"5,339",..,..
תל אביב,6600,חולון,415,"4,690",..,..
תל אביב,6600,חולון,427,"4,079",..,..
תל אביב,6600,חולון,512,"4,133",115,2.8
תל אביב,6600,חולון,514,"4,024",90,2.2
תל אביב,6600,חולון,521,"4,506",..,..
תל אביב,6600,חולון,523,"4,254",291,6.8
תל אביב,6600,חולון,611,"4,081",184,4.5
תל אביב,6600,חולון,612,"2,458",..,..
תל אביב,6600,חולון,613,"2,391",..,..
תל אביב,6600,חולון,614,"4,681",84,1.8
תל אביב,6600,חולון,615,"2,582",225,8.7
תל אביב,6600,חולון,621,"5,563","1,403",25.2
תל אביב,6600,חולון,622,"4,331",..,..
תל אביב,6600,חולון,623,"3,861",220,5.7
תל אביב,6600,חולון,624,"3,424",..,..
תל אביב,6600,חולון,625,"4,510",..,..
תל אביב,6600,חולון,626,"4,090",102,2.5
תל אביב,267,כפר שמריהו,0,"1,925",..,..
תל אביב,22,מקווה ישראל,0,374,..,..
תל אביב,2620,קריית אונו,1,"5,727",..,..
תל אביב,2620,קריית אונו,3,"9,014",..,..
תל אביב,2620,קריית אונו,8,"7,257",..,..
תל אביב,8600,רמת גן,113,"3,621",..,..
תל אביב,8600,רמת גן,116,"4,011",..,..
תל אביב,8600,רמת גן,121,"3,706",..,..
תל אביב,8600,רמת גן,122,"2,245",..,..
תל אביב,8600,רמת גן,125,"2,694",..,..
תל אביב,8600,רמת גן,131,"2,541",..,..
תל אביב,8600,רמת גן,132,"3,686",..,..
תל אביב,8600,רמת גן,135,"2,724",..,..
תל אביב,8600,רמת גן,136,"4,441",..,..
תל אביב,8600,רמת גן,212,"3,611",127,3.5
תל אביב,8600,רמת גן,213,"3,488",..,..
תל אביב,8600,רמת גן,214,"2,574",101,3.9
תל אביב,8600,רמת גן,216,"5,550",261,4.7
תל אביב,8600,רמת גן,222,"6,641",..,..
תל אביב,8600,רמת גן,223,"4,570",..,..
תל אביב,8600,רמת גן,224,"4,416",..,..
תל אביב,8600,רמת גן,225,"3,383",..,..
תל אביב,8600,רמת גן,311,"3,397",280,8.3
תל אביב,8600,רמת גן,321,"5,199",279,5.4
תל אביב,8600,רמת גן,322,"3,142",183,5.8
תל אביב,8600,רמת גן,323,878,..,..
תל אביב,8600,רמת גן,325,"5,773",..,..
תל אביב,8600,רמת גן,412,"6,519",147,2.3
תל אביב,8600,רמת גן,414,"4,279",..,..
תל אביב,8600,רמת גן,415,283,..,..
תל אביב,8600,רמת גן,416,"3,202",..,..
תל אביב,8600,רמת גן,418,"7,344",..,..
תל אביב,2650,רמת השרון,11,"7,219",155,2.1
תל אביב,2650,רמת השרון,13,"4,988",456,9.1
תל אביב,2650,רמת השרון,14,"5,034",51,1.0
תל אביב,2650,רמת השרון,21,"3,783",..,..
תל אביב,2650,רמת השרון,22,"4,236",..,..
תל אביב,2650,רמת השרון,32,"3,845",..,..
תל אביב,5000,תל אביב-יפו,117,"6,191",..,..
תל אביב,5000,תל אביב-יפו,122,"3,662",..,..
תל אביב,5000,תל אביב-יפו,124,"4,629",..,..
תל אביב,5000,תל אביב-יפו,132,"3,139",..,..
תל אביב,5000,תל אביב-יפו,134,"5,672",..,..
תל אביב,5000,תל אביב-יפו,211,"5,861",..,..
תל אביב,5000,תל אביב-יפו,215,"5,330",311,5.8
תל אביב,5000,תל אביב-יפו,222,"4,083",..,..
תל אביב,5000,תל אביב-יפו,226,"5,109","1,191",23.3
תל אביב,5000,תל אביב-יפו,233,"3,940",..,..
תל אביב,5000,תל אביב-יפו,323,"4,224",..,..
תל אביב,5000,תל אביב-יפו,325,"3,824",..,..
תל אביב,5000,תל אביב-יפו,326,"2,820",..,..
תל אביב,5000,תל אביב-יפו,335,"1,672",..,..
תל אביב,5000,תל אביב-יפו,343,"2,248",..,..
תל אביב,5000,תל אביב-יפו,344,"2,037",..,..
תל אביב,5000,תל אביב-יפו,347,"3,022",..,..
תל אביב,5000,תל אביב-יפו,348,"1,283",..,..
תל אביב,5000,תל אביב-יפו,415,"4,069",..,..
תל אביב,5000,תל אביב-יפו,424,"3,080",..,..
תל אביב,5000,תל אביב-יפו,431,"2,776",..,..
תל אביב,5000,תל אביב-יפו,432,"4,075",..,..
תל אביב,5000,תל אביב-יפו,433,"3,227",..,..
תל אביב,5000,תל אביב-יפו,435,"1,249",..,..
תל אביב,5000,תל אביב-יפו,436,"2,056",..,..
תל אביב,5000,תל אביב-יפו,437,"2,599",..,..
תל אביב,5000,תל אביב-יפו,511,"1,362",..,..
תל אביב,5000,תל אביב-יפו,513,"2,722",..,..
תל אביב,5000,תל אביב-יפו,514,"2,857",..,..
תל אביב,5000,תל אביב-יפו,522,"1,992",..,..
תל אביב,5000,תל אביב-יפו,533,"3,870",..,..
תל אביב,5000,תל אביב-יפו,544,"2,097",..,..
תל אביב,5000,תל אביב-יפו,552,"1,099",..,..
תל אביב,5000,תל אביב-יפו,555,"2,277",..,..
תל אביב,5000,תל אביב-יפו,611,"2,918",165,5.7
תל אביב,5000,תל אביב-יפו,612,"4,355",..,..
תל אביב,5000,תל אביב-יפו,736,"3,692",..,..
תל אביב,5000,תל אביב-יפו,743,"3,297",391,11.9
תל אביב,5000,תל אביב-יפו,744,"4,112",503,12.2
תל אביב,5000,תל אביב-יפו,745,"3,864",..,..
תל אביב,5000,תל אביב-יפו,747,"2,682",..,..
תל אביב,5000,תל אביב-יפו,814,"3,345",58,1.7
תל אביב,5000,תל אביב-יפו,824,"2,253",133,5.9
תל אביב,5000,תל אביב-יפו,832,"3,880",..,..
תל אביב,5000,תל אביב-יפו,833,"4,928",121,2.5
תל אביב,5000,תל אביב-יפו,915,"3,170",..,..
תל אביב,5000,תל אביב-יפו,923,299,..,..
תל אביב,5000,תל אביב-יפו,924,"1,243",123,9.9
תל אביב,5000,תל אביב-יפו,926,"3,249",..,..
תל אביב,5000,תל אביב-יפו,927,"5,093",398,7.8
תל אביב,5000,תל אביב-יפו,929,"4,209",61,1.5
תל אביב,5000,תל אביב-יפו,932,756,..,..
תל אביב,5000,תל אביב-יפו,933,"3,409",80,2.3
תל אביב,5000,תל אביב-יפו,935,"1,627",..,..
תל אביב,5000,תל אביב-יפו,936,"3,566",401,11.3
תל אביב,5000,תל אביב-יפו,937,"5,161",..,..
תל אביב,5000,תל אביב-יפו,942,"5,041",362,7.2
תל אביב,5000,תל אביב-יפו,943,"2,988",195,6.5
תל אביב,5000,תל אביב-יפו,944,"3,509",169,4.8
תל אביב,5000,תל אביב-יפו,947,"4,723",88,1.9
הדרום,400,אבן שמואל,0,"2,238",75,3.3
הדרום,31,אופקים,2,"2,823",..,..
הדרום,31,אופקים,3,"3,041",536,17.6
הדרום,31,אופקים,4,"2,939","1,774",60.4
הדרום,31,אופקים,6,"6,297","4,797",76.2
הדרום,31,אופקים,7,"12,210","3,308",27.1
הדרום,338,איבים,0,651,..,..
הדרום,2600,אילת,15,"4,074",..,..
הדרום,2600,אילת,21,"3,908",114,2.9
הדרום,2600,אילת,22,"3,141",93,3.0
הדרום,2600,אילת,23,"5,855",..,..
הדרום,2600,אילת,24,"3,775",..,..
הדרום,2600,אילת,31,"3,624",..,..
הדרום,2600,אילת,33,"3,471",..,..
הדרום,2600,אילת,34,"2,118",..,..
הדרום,2600,אילת,36,"10,260",75,0.7
הדרום,70,אשדוד,112,55,..,..
הדרום,70,אשדוד,123,"3,804",127,3.3
הדרום,70,אשדוד,125,"2,554",169,6.6
הדרום,70,אשדוד,126,"3,776",..,..
הדרום,70,אשדוד,131,"2,130",58,2.7
הדרום,70,אשדוד,132,"1,786",..,..
הדרום,70,אשדוד,133,"3,953",..,..
הדרום,70,אשדוד,141,"5,888","5,866",99.6
הדרום,70,אשדוד,142,"3,387","1,567",46.3
הדרום,70,אשדוד,143,"4,682","2,779",59.4
הדרום,70,אשדוד,144,"7,119","4,905",68.9
הדרום,70,אשדוד,211,"12,329","12,257",99.4
הדרום,70,אשדוד,212,"7,362","7,333",99.6
הדרום,70,אשדוד,221,"3,706","2,103",56.8
הדרום,70,אשדוד,222,"4,058","1,083",26.7
הדרום,70,אשדוד,223,"3,938","1,347",34.2
הדרום,70,אשדוד,231,"3,422",..,..
הדרום,70,אשדוד,232,"3,146",95,3.0
הדרום,70,אשדוד,233,"3,807",..,..
הדרום,70,אשדוד,241,"5,750",154,2.7
הדרום,70,אשדוד,242,"2,546",..,..
הדרום,70,אשדוד,243,"3,153",..,..
הדרום,70,אשדוד,312,"1,389",..,..
הדרום,70,אשדוד,313,"2,196",..,..
הדרום,70,אשדוד,314,"6,250",..,..
הדרום,70,אשדוד,315,"4,069",..,..
הדרום,70,אשדוד,316,"6,023",..,..
הדרום,70,אשדוד,317,"5,221",65,1.2
הדרום,70,אשדוד,321,"4,741",237,5.0
הדרום,70,אשדוד,322,"4,415","3,467",78.5
הדרום,70,אשדוד,323,"5,436","1,072",19.7
הדרום,70,אשדוד,331,"2,760",164,5.9
הדרום,70,אשדוד,333,"5,002","1,834",36.7
הדרום,70,אשדוד,342,"4,168",..,..
הדרום,70,אשדוד,343,"3,165",57,1.8
הדרום,70,אשדוד,422,"9,421",..,..
הדרום,70,אשדוד,423,"4,544",..,..
הדרום,70,אשדוד,424,"2,576",..,..
הדרום,70,אשדוד,425,"5,415",..,..
הדרום,70,אשדוד,426,"3,839",..,..
הדרום,7100,אשקלון,111,"13,462",101,0.8
הדרום,7100,אשקלון,114,"5,323",..,..
הדרום,7100,אשקלון,122,"4,731",..,..
הדרום,7100,אשקלון,125,"5,359",244,4.5
הדרום,7100,אשקלון,126,"4,472",..,..
הדרום,7100,אשקלון,127,869,..,..
הדרום,7100,אשקלון,211,"4,463",..,..
הדרום,7100,אשקלון,212,"6,593",..,..
הדרום,7100,אשקלון,213,"8,859",..,..
הדרום,7100,אשקלון,214,"3,611",..,..
הדרום,7100,אשקלון,215,"3,638",85,2.3
הדרום,7100,אשקלון,221,"3,814",..,..
הדרום,7100,אשקלון,223,"1,764",..,..
הדרום,7100,אשקלון,225,"4,079",242,5.9
הדרום,7100,אשקלון,226,"5,123",749,14.6
הדרום,7100,אשקלון,311,"3,753",..,..
הדרום,7100,אשקלון,313,"10,728",..,..
הדרום,7100,אשקלון,314,"4,490",71,1.6
הדרום,7100,אשקלון,315,"1,880",134,7.1
הדרום,7100,אשקלון,316,"3,868",101,2.6
הדרום,7100,אשקלון,321,"6,132",809,13.2
הדרום,7100,אשקלון,322,"3,613",127,3.5
הדרום,7100,אשקלון,323,"4,948",156,3.1
הדרום,1376,באר גנים,0,"1,763",..,..
הדרום,9000,באר שבע,111,"2,204",..,..
הדרום,9000,באר שבע,112,"2,278",..,..
הדרום,9000,באר שבע,121,"3,242",171,5.3
הדרום,9000,באר שבע,122,"1,027",..,..
הדרום,9000,באר שבע,131,"2,315",..,..
הדרום,9000,באר שבע,132,"2,542",..,..
הדרום,9000,באר שבע,133,"1,049",..,..
הדרום,9000,באר שבע,211,"3,419",..,..
הדרום,9000,באר שבע,212,"4,586",431,9.4
הדרום,9000,באר שבע,213,"3,940","1,385",35.2
הדרום,9000,באר שבע,214,"5,165",94,1.8
הדרום,9000,באר שבע,215,"1,678",84,5.0
הדרום,9000,באר שבע,221,"2,899",..,..
הדרום,9000,באר שבע,224,"2,088",54,2.6
הדרום,9000,באר שבע,225,"3,350",86,2.6
הדרום,9000,באר שבע,226,"1,330",72,5.4
הדרום,9000,באר שבע,234,"3,000",68,2.3
הדרום,9000,באר שבע,311,"3,503",..,..
הדרום,9000,באר שבע,411,"7,912",..,..
הדרום,9000,באר שבע,413,"6,795",..,..
הדרום,9000,באר שבע,414,"6,786",..,..
הדרום,9000,באר שבע,415,"7,746",..,..
הדרום,9000,באר שבע,422,"5,665",..,..
הדרום,9000,באר שבע,431,"3,368",168,5.0
הדרום,9000,באר שבע,432,"3,253",56,1.7
הדרום,9000,באר שבע,434,"3,575",335,9.4
הדרום,9000,באר שבע,521,"2,108",169,8.0
הדרום,9000,באר שבע,522,"2,965",99,3.4
הדרום,9000,באר שבע,523,"3,009",360,12.0
הדרום,9000,באר שבע,612,"4,746",..,..
הדרום,9000,באר שבע,613,"5,336",..,..
הדרום,9000,באר שבע,621,525,..,..
הדרום,9000,באר שבע,624,"1,829",..,..
הדרום,9000,באר שבע,632,"3,769",..,..
הדרום,9000,באר שבע,643,"5,038",..,..
הדרום,9000,באר שבע,644,"1,143",..,..
הדרום,9000,באר שבע,645,"18,923",..,..
הדרום,1363,בני נצרים,0,820,..,..
הדרום,428,ברור חיל,0,"1,002",..,..
הדרום,746,ברכיה,0,"1,252",..,..
הדרום,2200,דימונה,2,"3,218",153,4.7
הדרום,2200,דימונה,3,"2,190",62,2.8
הדרום,2200,דימונה,5,"5,752",161,2.8
הדרום,2200,דימונה,6,"6,294",..,..
הדרום,2200,דימונה,7,"1,583",..,..
הדרום,2200,דימונה,9,"6,061",..,..
הדרום,2200,דימונה,10,"1,808",141,7.8
הדרום,2200,דימונה,11,"1,468",..,..
הדרום,2200,דימונה,12,"2,740",..,..
הדרום,815,זבדיאל,0,574,122,21.2
הדרום,406,חצור-אשדוד,0,648,..,..
הדרום,803,יושיביה,0,700,..,..
הדרום,831,ירוחם,0,"10,773","1,304",12.1
הדרום,2006,כנות,0,454,..,..
הדרום,107,כפר סילבר,0,399,..,..
הדרום,768,כרמייה,0,653,..,..
הדרום,1082,מעגלים,0,"2,080",141,6.8
הדרום,99,מצפה רמון,0,"5,185",..,..
הדרום,1098,מרכז שפירא,0,"2,467",..,..
הדרום,1366,נווה,0,"1,314",371,28.2
הדרום,351,ניצן,0,"2,573",..,..
הדרום,1195,ניצנה (קהילת חינוך),0,348,..,..
הדרום,2048,ניר עקיבא,0,666,52,7.9
הדרום,246,נתיבות,1,"2,031",748,36.8
הדרום,246,נתיבות,2,"6,074","3,892",64.1
הדרום,246,נתיבות,4,"3,470","1,195",34.4
הדרום,246,נתיבות,5,"5,433","4,114",75.7
הדרום,246,נתיבות,6,"9,469","2,662",28.1
הדרום,246,נתיבות,7,"10,074","4,087",40.6
הדרום,246,נתיבות,8,"3,150",..,..
הדרום,419,סעד,0,845,..,..
הדרום,32,עוצם,0,727,143,19.6
הדרום,676,עין השלושה,0,367,..,..
הדרום,2560,ערד,1,"4,837","1,890",39.1
הדרום,2560,ערד,2,"4,353","1,766",40.6
הדרום,2560,ערד,3,"6,800","1,843",27.1
הדרום,2560,ערד,5,"5,608","1,671",29.8
הדרום,2560,ערד,6,"5,610","1,217",21.7
הדרום,766,קוממיות,0,551,89,16.1
הדרום,2630,קריית גת,11,103,..,..
הדרום,2630,קריית גת,12,"3,775",..,..
הדרום,2630,קריית גת,14,"3,756",..,..
הדרום,2630,קריית גת,15,"3,533",62,1.7
הדרום,2630,קריית גת,21,"3,235",..,..
הדרום,2630,קריית גת,22,"3,216",616,19.2
הדרום,2630,קריית גת,23,"2,303",331,14.4
הדרום,2630,קריית גת,24,"5,182",352,6.8
הדרום,2630,קריית גת,25,"2,884",..,..
הדרום,2630,קריית גת,26,"7,754","1,152",14.9
הדרום,2630,קריית גת,31,"1,149",149,13.0
הדרום,2630,קריית גת,32,"5,947","4,064",68.3
הדרום,2630,קריית גת,33,"3,146","2,069",65.8
הדרום,2630,קריית גת,34,"3,852",211,5.5
הדרום,2630,קריית גת,35,"2,279",104,4.6
הדרום,2630,קריית גת,36,"3,437",..,..
הדרום,2630,קריית גת,37,"2,429",..,..
הדרום,1034,קריית מלאכי,1,671,81,12.0
הדרום,1034,קריית מלאכי,2,"4,648",103,2.2
הדרום,1034,קריית מלאכי,3,"2,616",175,6.7
הדרום,1034,קריית מלאכי,4,"2,321",587,25.3
הדרום,1034,קריית מלאכי,5,"4,108",859,20.9
הדרום,1034,קריית מלאכי,6,"4,987",880,17.6
הדרום,1034,קריית מלאכי,7,"2,346","1,199",51.1
הדרום,1034,קריית מלאכי,8,"2,687","1,194",44.4
הדרום,1341,רוח מדבר,0,68,..,..
הדרום,1031,שדרות,2,"5,084",234,4.6
הדרום,1031,שדרות,3,"3,096",56,1.8
הדרום,1031,שדרות,4,"5,023",76,1.5
הדרום,1031,שדרות,5,"4,596",69,1.5
הדרום,1031,שדרות,6,"7,187",..,..
הדרום,1265,שומרייה,0,836,..,..
הדרום,1083,תושייה,0,842,..,..
הדרום,814,תלמים,0,920,96,10.4
הדרום,709,תפרח,0,"2,268","2,151",94.8
אזור יהודה והשומרון,3786,אבנת,0,255,..,..
אזור יהודה והשומרון,3762,איתמר,0,"1,285",392,30.5
אזור יהודה והשומרון,3579,אלון מורה,0,"2,010",135,6.7
אזור יהודה והשומרון,3604,אלון שבות,0,"3,071",..,..
אזור יהודה והשומרון,3560,אלקנה,0,"3,911",..,..
אזור יהודה והשומרון,3754,אספר,0,986,706,71.6
אזור יהודה והשומרון,3650,אפרת,0,"11,405",..,..
אזור יהודה והשומרון,3570,אריאל,1,"2,056",..,..
אזור יהודה והשומרון,3570,אריאל,4,"5,622",..,..
אזור יהודה והשומרון,3570,אריאל,5,"3,959",..,..
אזור יהודה והשומרון,3574,בית אל,0,"5,684",59,1.0
אזור יהודה והשומרון,3652,בית אריה-עופרים,0,"5,351",109,2.0
אזור יהודה והשומרון,3780,ביתר עילית,1,"3,848","3,762",97.8
אזור יהודה והשומרון,3780,ביתר עילית,2,"5,796","5,583",96.3
אזור יהודה והשומרון,3780,ביתר עילית,3,"7,006","6,998",99.9
אזור יהודה והשומרון,3780,ביתר עילית,4,"4,043","3,957",97.9
אזור יהודה והשומרון,3780,ביתר עילית,5,"4,550","4,513",99.2
אזור יהודה והשומרון,3780,ביתר עילית,6,"28,363","28,338",99.9
אזור יהודה והשומרון,3780,ביתר עילית,7,"7,519","7,511",99.9
אזור יהודה והשומרון,3744,ברוכין,0,"1,478",..,..
אזור יהודה והשומרון,3710,ברכה,0,"2,926",90,3.1
אזור יהודה והשומרון,3794,בת עין,0,"1,605",294,18.3
אזור יהודה והשומרון,3763,גבע בנימין,0,"5,761","1,173",20.4
אזור יהודה והשומרון,3730,גבעת זאב,1,"2,030",79,3.9
אזור יהודה והשומרון,3730,גבעת זאב,2,"4,447","1,152",25.9
אזור יהודה והשומרון,3730,גבעת זאב,3,"7,885","3,769",47.8
אזור יהודה והשומרון,3730,גבעת זאב,4,"4,863","4,733",97.3
אזור יהודה והשומרון,3613,גיתית,0,497,..,..
אזור יהודה והשומרון,3823,גני מודיעין,0,"2,716","1,516",55.8
אזור יהודה והשומרון,3747,דולב,0,"1,513",..,..
אזור יהודה והשומרון,3603,הר גילה,0,"1,627",..,..
אזור יהודה והשומרון,3764,חגי,0,676,..,..
אזור יהודה והשומרון,3646,חמדת,0,310,..,..
אזור יהודה והשומרון,3609,חמרה,0,259,..,..
אזור יהודה והשומרון,3770,חשמונאים,0,"2,712",..,..
אזור יהודה והשומרון,3788,טלמון,0,"4,882",377,7.7
אזור יהודה והשומרון,3607,"ייט""ב",0,322,..,..
אזור יהודה והשומרון,3749,יצהר,0,"1,838",..,..
אזור יהודה והשומרון,3564,כוכב השחר,0,"2,450",368,15.0
אזור יהודה והשומרון,3779,כוכב יעקב,0,"9,116","5,977",65.6
אזור יהודה והשומרון,3638,כפר אדומים,0,"4,785",..,..
אזור יהודה והשומרון,3488,כפר עציון,0,"1,203",..,..
אזור יהודה והשומרון,3572,כפר תפוח,0,"1,473",..,..
אזור יהודה והשומרון,3656,כרמל,0,447,..,..
אזור יהודה והשומרון,3709,מבוא חורון,0,"2,686",414,15.4
אזור יהודה והשומרון,3561,מגדל עוז,0,576,..,..
אזור יהודה והשומרון,3797,מודיעין עילית,2,"20,679","20,623",99.7
אזור יהודה והשומרון,3797,מודיעין עילית,3,"4,455","4,454",100.0
אזור יהודה והשומרון,3797,מודיעין עילית,4,"22,110","22,094",99.9
אזור יהודה והשומרון,3797,מודיעין עילית,5,"4,699","4,664",99.3
אזור יהודה והשומרון,3797,מודיעין עילית,6,"4,047","3,973",98.2
אזור יהודה והשומרון,3797,מודיעין עילית,7,"12,827","12,802",99.8
אזור יהודה והשומרון,3797,מודיעין עילית,8,"9,150","9,141",99.9
אזור יהודה והשומרון,3599,מחולה,0,629,..,..
אזור יהודה והשומרון,3657,מעון,0,594,..,..
אזור יהודה והשומרון,3616,מעלה אדומים,2,"4,264",..,..
אזור יהודה והשומרון,3616,מעלה אדומים,3,"7,455",..,..
אזור יהודה והשומרון,3616,מעלה אדומים,4,"3,449",..,..
אזור יהודה והשומרון,3616,מעלה אדומים,5,"3,838",280,7.3
אזור יהודה והשומרון,3616,מעלה אדומים,6,"2,281",295,12.9
אזור יהודה והשומרון,3616,מעלה אדומים,7,"3,759",233,6.2
אזור יהודה והשומרון,3616,מעלה אדומים,8,"4,549",..,..
אזור יהודה והשומרון,3616,מעלה אדומים,9,"4,627",..,..
אזור יהודה והשומרון,3616,מעלה אדומים,10,"3,624",..,..
אזור יהודה והשומרון,3608,מעלה אפרים,0,"1,255",..,..
אזור יהודה והשומרון,3752,מעלה לבונה,0,946,..,..
אזור יהודה והשומרון,3576,מצפה יריחו,0,"2,577",53,2.1
אזור יהודה והשומרון,3610,מצפה שלם,0,244,..,..
אזור יהודה והשומרון,3785,משכיות,0,333,..,..
אזור יהודה והשומרון,3648,מתתיהו,0,898,756,84.3
אזור יהודה והשומרון,3573,נווה צוף,0,"1,494",..,..
אזור יהודה והשומרון,3726,נוקדים,0,"2,591",..,..
אזור יהודה והשומרון,3767,נחליאל,0,735,..,..
אזור יהודה והשומרון,3658,עטרת,0,943,..,..
אזור יהודה והשומרון,3765,עלי,0,"4,601",..,..
אזור יהודה והשומרון,3660,עמנואל,0,"4,129","3,659",88.6
אזור יהודה והשומרון,3748,עתניאל,0,980,..,..
אזור יהודה והשומרון,3768,פדואל,0,"2,044",..,..
אזור יהודה והשומרון,3723,פני חבר,0,678,..,..
אזור יהודה והשומרון,3791,צופים,0,"2,433",..,..
אזור יהודה והשומרון,3557,קדומים,0,"4,586",..,..
אזור יהודה והשומרון,3601,קליה,0,465,..,..
אזור יהודה והשומרון,3611,קריית ארבע,0,"7,338",..,..
אזור יהודה והשומרון,3640,קרני שומרון,0,"9,417",..,..
אזור יהודה והשומרון,3571,שבי שומרון,0,"1,031",..,..
אזור יהודה והשומרון,3578,שדמות מחולה,0,665,..,..
אזור יהודה והשומרון,3641,שילה,0,"4,483",102,2.3
אזור יהודה והשומרון,3719,תלם,0,478,..,..
אזור יהודה והשומרון,3563,תקוע,0,"4,168",..,..
,,,,,,
